state,district,annual_rainfall,mean_temperature,mean_humidity,mean_soil_moisture,year,rainfall_anomaly,spi3,spi6,rx1day,rain_p95,rain_p99,cdd,cwd,rx3day,base_mean_pet_x,base_mean_et_x,base_mean_solar_x,base_mean_lai_x,temperature_anomaly,humidity_anomaly,soil_moisture_anomaly,heat_stress_days_35,heat_stress_days_38,heat_stress_days_40,water_availability_index,soil_moisture_deficit,annual_rainfall_change_pct,state_code,district_code,mean_solar,mean_pet,mean_et,mean_lai,base_mean_pet_y,base_mean_et_y,base_mean_solar_y,base_mean_lai_y,pet_anomaly,et_anomaly,solar_anomaly,lai_anomaly,predicted_sm_anomaly,predicted_ndvi_anomaly,predicted_ndwi_anomaly,soil_moisture_stress_class,water_security_index,scenario
BIHAR,ARARIA,1871.6638888459809,24.141728056801707,57.278850178435086,0.1954805151055646,2040,168.81713884598065,-0.16405570454815036,-0.14765013409333533,72.53357183087674,24.43351023493064,50.477718937859,63.22353341586967,32.86071708147101,119.68039352094661,47.05855104639397,13.918573322976757,16.60792111771469,1.1362507365119927,1.7181666923894,2.5453374571918133,-0.022334377095325892,11.7,0.8,0.1,1.0552,0.01163729,9.91,0,4,17.4677,4.0457,15.764727398041199,1.1444757744611984,47.05855104639397,13.918573322976757,16.60792111771469,1.1362507365119927,-43.012851046393976,1.846154075064442,0.8597788822853119,0.008225037949205705,-0.01163729,5.2125892652967216e-05,0.001368564,Moderate,46.81,ssp585
BIHAR,ARWAL,1082.2109795840458,,,0.15003887539192573,2040,45.43760458404575,0.1448490457595144,0.13036414118356296,62.83281668885914,17.516461532331515,33.92438324794101,66.69724073085075,23.595338580537224,103.67414753661758,49.68653234068274,10.666149311568791,18.648079216962962,0.8619363980124897,,,-0.01865481478661495,33.3,3.6,0.5,1.0188,0.010323635,4.38,0,5,17.6143,4.1631,12.381735509462573,1.0249070194669148,49.68653234068274,10.666149311568791,18.648079216962962,0.8619363980124897,-45.52343234068274,1.7155861978937814,-1.0337792169629623,0.1629706214544251,-0.010323635,0.003309522044363043,-0.02028065,Moderate,44.06,ssp585
BIHAR,AURANGABAD,1194.080735383755,26.846196115016948,50.627277638114144,0.15290801847201765,2040,32.374860383754736,0.5655422931455152,0.5089880638309636,59.08230585809687,18.215466198304647,36.263011160548274,64.23918560602364,30.102088808682097,97.48580466585983,51.27402764493268,10.114258445595524,18.70790846201534,0.794099277314118,1.5069482326507682,1.5639197059627463,-0.02222618322212651,62.3,9.3,1.6,1.002,0.010955458,2.79,0,6,17.6642,4.355,12.62894535902845,1.0559133728866703,51.27402764493268,10.114258445595524,18.70790846201534,0.794099277314118,-46.91902764493268,2.514686913432925,-1.0437084620153385,0.2618140955725523,-0.010955458,0.003056217401203095,-0.020534353,Moderate,42.94,ssp585
BIHAR,BANKA,1395.4703874988122,,,0.16784152524641968,2040,73.24013749881217,0.4350146822040706,0.3915132139836635,71.45327276053995,20.790953793553083,42.11168915198398,71.22394178534822,14.50154399631004,117.89790005489091,47.507531801877064,10.523289808338818,17.640967227139893,0.7267600585348504,,,-0.025007763703426573,33.3,3.6,0.5,1.0185,0.013066394,5.54,0,7,17.6604,4.174,12.55208381569973,1.093021473085146,47.507531801877064,10.523289808338818,17.640967227139893,0.7267600585348504,-43.333531801877065,2.0287940073609114,0.019432772860106695,0.3662614145502956,-0.013066394,0.0014294804192565797,-0.021930775,Moderate,43.14,ssp585
BIHAR,BEGUSARAI,1222.5977546941128,27.45645162794326,54.97557977322518,0.1548454222693114,2040,95.42912969411266,-0.013129984321330187,-0.01181698588919717,60.76386985590609,17.853126243618938,36.97532081503988,65.39939511600998,18.946783870788007,100.26038526224504,46.12255224623095,9.94390026266368,17.859561945717992,0.7829063161001812,1.6667446527216263,2.4303127989463675,-0.015859654209619923,83.0,14.7,2.9,1.0525,0.007182,8.47,0,9,17.5701,4.391,14.758543267877652,1.1468028987424408,46.12255224623095,9.94390026266368,17.859561945717992,0.7829063161001812,-41.731552246230954,4.814643005213972,-0.2894619457179921,0.36389658264225955,-0.007182,0.0034753388028401708,-0.013781775,Low,47.99,ssp585
BIHAR,BHAGALPUR,1450.4134536691429,27.540837506453208,56.447956249133064,0.1690995781346337,2040,90.59345366914279,-0.16831929931825151,-0.15148736938642637,66.49469477906949,20.213158510549412,39.42309502789729,63.03789159049849,21.057938268757567,109.71624638546466,44.76230788463144,10.517372403745627,17.23867478042297,0.7268654002306302,1.7568997244040296,2.400405911334758,-0.0181050729707485,86.1,15.6,3.1,1.0369,0.008324312,6.66,0,11,17.6003,4.4068,15.323954263715464,1.2058974553653437,44.76230788463144,10.517372403745627,17.23867478042297,0.7268654002306302,-40.35550788463144,4.806581859969837,0.3616252195770322,0.4790320551347135,-0.008324312,0.00246618226896799,-0.014269917,Low,46.92,ssp585
BIHAR,BHOJPUR,1011.3168872459955,26.924765586853038,50.81393750517194,0.14324441757685066,2040,39.590637245995396,-0.12666240089397446,-0.11399616080457703,56.56945563309811,14.967031645079949,36.59135623005535,74.88411444797704,17.398107270958477,93.33960179461188,49.87453019654776,10.113042982076408,18.563769278599842,0.8279019098980105,1.4960068563620375,1.52434899237646,-0.016886038186194514,64.8,9.9,1.7,1.0194,0.008920142,4.07,0,13,17.5785,4.3415,11.94316172358736,0.9478959865375751,49.87453019654776,10.113042982076408,18.563769278599842,0.8279019098980105,-45.533030196547756,1.8301187415109528,-0.9852692785998443,0.11999407663956463,-0.008920142,0.003587096780719461,-0.018018464,Low,44.74,ssp585
BIHAR,BUXAR,994.3477575485879,,,0.14869102419757674,2040,27.27038254858775,-0.25288685887152756,-0.2275981729843748,53.1653409902311,14.899668431552021,33.573670428490466,70.80964376347177,21.861830074001148,87.72281263388132,50.506003965348924,10.511114164868959,18.589669389090623,0.900445740254253,,,-0.018960045872324183,33.3,3.6,0.5,1.0073,0.010435338,2.82,0,15,17.5711,4.1529,11.69009388904909,0.9902842398721902,50.506003965348924,10.511114164868959,18.589669389090623,0.900445740254253,-46.35310396534892,1.178979724180131,-1.0185693890906222,0.08983849961793722,-0.010435338,0.004609853607757073,-0.01497192,Moderate,43.35,ssp585
BIHAR,DARBHANGA,1283.4911013740016,,,0.15726740281968285,2040,102.64935137400137,0.3167168169950285,0.28504513529552566,72.18193863288266,17.715291696799774,39.48473672838193,74.99373247752965,18.89738148028589,119.10019874425639,48.80305528437219,10.497023899262947,17.606245907907052,0.869832663862743,,,-0.02264884366273941,33.3,3.6,0.5,1.0431,0.011309435,8.69,0,18,17.4927,4.1344,12.738200509767287,1.1300904060506323,48.80305528437219,10.497023899262947,17.606245907907052,0.869832663862743,-44.66865528437219,2.24117661050434,-0.11354590790705288,0.2602577421878892,-0.011309435,0.002851109017648313,-0.02199198,Moderate,44.96,ssp585
BIHAR,GAYA,1217.227871693465,26.846196115016948,50.627277638114144,0.14961149507775706,2040,51.24162169346487,0.4739668808318043,0.4265701927486239,58.31985849215512,18.80958880116167,36.12997753335449,62.12545382421323,20.444869967075682,96.22776651205594,50.73159649932754,10.13253648390816,18.653713223551055,0.8057272554774525,1.5069482326507682,1.5639197059627463,-0.019499050678269087,62.3,9.3,1.6,1.0175,0.0106874835,4.39,0,22,17.6821,4.3594,12.614476231651269,1.0608055469307718,50.73159649932754,10.13253648390816,18.653713223551055,0.8057272554774525,-46.372196499327536,2.481939747743109,-0.9716132235510564,0.2550782914533193,-0.0106874835,0.003484363235154268,-0.019996906,Moderate,43.73,ssp585
BIHAR,GOPALGANJ,1110.062530630693,26.847379525502532,52.50464893782952,0.14567592313052216,2040,43.763780630692786,-0.5174666173627294,-0.4657199556264564,76.78730110827502,15.576094839512344,37.72971211102773,72.9275776788082,14.463145715465064,126.69904682865378,51.20313503042417,8.953419264557217,18.175664331110827,0.8116239191134841,1.532389730215084,1.6934390568425712,-0.01706201162731304,62.4,9.3,1.6,1.0194,0.009500522,4.1,0,24,17.4461,4.3014,11.954019457518468,0.9471071246447652,51.20313503042417,8.953419264557217,18.175664331110827,0.8116239191134841,-46.90173503042417,3.000600192961251,-0.7295643311108257,0.13548320553128113,-0.009500522,0.0025927601595016362,-0.014967541,Low,44.45,ssp585
BIHAR,JAMUI,1322.970350477224,27.596755497985413,54.67688150952924,0.1511518191499799,2040,74.88285047722384,0.16340879583263196,0.14706791624936877,72.4383130460226,18.53287716972843,40.825952429625644,61.27254060127781,14.161375038858235,119.52321652593729,48.25503305466191,10.82433625689537,18.095221296860384,0.8581867948146154,1.6589224470986224,2.36049719524857,-0.022599663854521657,88.2,16.2,3.3,1.0237,0.012407829,6.0,0,31,17.6704,4.4298,14.932818462739023,1.1408374347782864,48.25503305466191,10.82433625689537,18.095221296860384,0.8581867948146154,-43.82523305466191,4.108482205843654,-0.42482129686038306,0.282650639963671,-0.012407829,0.0005209996665354012,-0.013610739,Moderate,42.98,ssp585
BIHAR,JEHANABAD,1087.5741598928591,,,0.1428287291942775,2040,58.5887848928591,0.08003978509121729,0.07203580658209556,66.41607252857655,17.348337141399632,36.854947649712344,63.60092086846514,15.32051434680948,109.5865196721513,50.721155265693234,10.205539504675794,18.586319352714174,0.8198974456567841,,,-0.016915433991713708,33.3,3.6,0.5,1.0306,0.008277069,5.69,0,34,17.618,4.164,12.476813821477394,1.0251964371216715,50.721155265693234,10.205539504675794,18.586319352714174,0.8198974456567841,-46.55715526569323,2.2712743168016,-0.9683193527141754,0.2052989914648874,-0.008277069,0.001556555470453308,-0.020212552,Low,45.73,ssp585
BIHAR,KAIMUR (BHABUA),1146.5753162261165,,,0.13905300137676266,2040,20.935691226116287,0.21818728524919842,0.1963685567242786,58.53621042785443,16.93839860869427,34.45600710604617,66.33306492612643,27.90978954941198,96.5847472059598,52.281340565961436,10.860536411665988,18.639493691155163,0.9611596307136246,,,-0.020634155890381024,33.3,3.6,0.5,0.9968,0.009627652,1.86,0,36,17.6415,4.1696,12.614033327077044,1.0916360987949194,52.281340565961436,10.860536411665988,18.639493691155163,0.9611596307136246,-48.11174056596143,1.7534969154110556,-0.9979936911551626,0.13047646808129476,-0.009627652,0.0032065789938461207,-0.01947618,Low,42.92,ssp585
BIHAR,KATIHAR,1646.2108970828883,27.540837506453208,56.447956249133064,0.1803867750569493,2040,87.01039708288818,0.10582311981052699,0.09524080782947428,65.65266775426252,21.810425037505023,41.832804715509255,61.357278630821426,21.25194712851372,108.32690179453316,44.458502479295255,12.86772216758912,16.697050084133455,0.9583697991588466,1.7568997244040296,2.400405911334758,-0.022213419418262232,86.1,15.6,3.1,1.0239,0.011639874,5.58,0,39,17.5639,4.3977,15.670619985624972,1.352507288075991,44.458502479295255,12.86772216758912,16.697050084133455,0.9583697991588466,-40.060802479295255,2.802897818035852,0.8668499158665455,0.3941374889171444,-0.011639874,0.0012928604145342637,-0.015387704,Moderate,44.74,ssp585
BIHAR,KHAGARIA,1328.5413882197322,27.45645162794326,54.97557977322518,0.16440773467436123,2040,99.85513821973205,0.08440868543761598,0.07596781689385439,74.08075029375279,17.825647467445812,38.02279062508334,64.93186012357006,19.66546119297819,122.2332379846921,46.64138113640292,11.393103985343254,17.453620723408797,0.8643590415248931,1.6667446527216263,2.4303127989463675,-0.020155638302184493,83.0,14.7,2.9,1.0436,0.010533536,8.13,0,40,17.5727,4.3917,15.109591467235184,1.1758066829901004,46.64138113640292,11.393103985343254,17.453620723408797,0.8643590415248931,-42.24968113640292,3.71648748189193,0.11907927659120432,0.3114476414652073,-0.010533536,0.001551578736617239,-0.013610739,Moderate,45.77,ssp585
BIHAR,KISHANGANJ,2345.584487633723,,,0.2180693719967608,2040,170.59986263372275,-1.42251770994058,-1.2802659389465219,87.82873027526199,29.866208425915133,54.352840160661906,63.10631583205401,33.26775564909725,144.91740495418227,47.925028379595,13.021418369244829,16.17800150560288,0.9948924974530019,,,-0.028878899087773958,33.3,3.6,0.5,1.0344,0.014690123,7.84,0,42,17.4705,4.1292,14.82225011899816,1.1425145830630319,47.925028379595,13.021418369244829,16.17800150560288,0.9948924974530019,-43.795828379595,1.8008317497533302,1.2924984943971225,0.14762208561002998,-0.014690123,0.002394283543514567,-0.022848394,Moderate,44.98,ssp585
BIHAR,LAKHISARAI,1255.027362607385,,,0.16140050251362445,2040,95.06223760738477,0.21991476747281036,0.19792329072552933,67.45322876188334,18.834429921193934,37.61689365707918,62.13693232569548,18.16003408630253,111.2978274571075,48.36889125017145,10.906015858527828,18.076078629755813,0.8805050519363627,,,-0.016920046238676895,33.3,3.6,0.5,1.0491,0.007027482,8.2,0,45,17.6176,4.1639,13.637606449933337,1.1096328323131042,48.36889125017145,10.906015858527828,18.076078629755813,0.8805050519363627,-44.20499125017145,2.7315905914055083,-0.4584786297558132,0.22912778037674142,-0.007027482,0.0023328370243362985,-0.02183571,Low,48.1,ssp585
BIHAR,MADHEPURA,1441.6869355245303,,,0.16999237047848123,2040,102.99793552453015,-0.22073233069253548,-0.19865909762328196,69.65463610686426,19.082593860689943,41.362666919101656,64.73651348164283,17.135148737357596,114.93014957632602,46.76756465943026,13.787539287859628,17.064204094689472,1.1259465116345826,,,-0.024139794888783195,33.3,3.6,0.5,1.0351,0.0109078195,7.69,0,47,17.5339,4.1441,13.081330184053817,1.1482615391370308,46.76756465943026,13.787539287859628,17.064204094689472,1.1259465116345826,-42.62346465943026,-0.7062091038058114,0.46969590531052674,0.02231502750244818,-0.0109078195,0.002193317820061331,0.0008762204,Moderate,45.34,ssp585
BIHAR,MADHUBANI,1401.7298899012326,27.04881186617746,55.507222636217,0.1695859207234646,2040,117.47988990123238,0.2088561737488243,0.18797055637394186,76.80213348625236,19.79178068342741,39.35171752687748,74.08887588526918,22.31603519982908,126.72352025231639,49.80275423850543,10.55453072049921,17.26702265932034,0.8971096424062469,1.5954428944322856,2.5377024763096827,-0.024152550172167126,68.8,10.9,2.0,1.0452,0.011692619,9.15,0,48,17.4559,4.3232,15.013151067184538,1.258502028703768,49.80275423850543,10.55453072049921,17.26702265932034,0.8971096424062469,-45.47955423850543,4.458620346685327,0.18887734067966022,0.36139238629752113,-0.011692619,0.0019683635655389914,-0.014573759,Moderate,45.37,ssp585
BIHAR,MUNGER,1321.5125607999807,,,0.1602522110978208,2040,92.39318579998077,0.16178109908348656,0.1456029891751379,77.2808240524383,17.758030354193693,41.11638755399049,63.5130244505019,20.792651692451503,127.5133596865232,44.88727224787707,10.439024715309989,17.714584227195573,0.8503146668759362,,,-0.018268644731707185,33.3,3.6,0.5,1.0421,0.009887473,7.52,0,57,17.6091,4.1619,13.428202086723287,1.148669127469533,44.88727224787707,10.439024715309989,17.714584227195573,0.8503146668759362,-40.72537224787707,2.989177371413298,-0.10548422719557138,0.29835446059359694,-0.009887473,0.0013513301872272504,-0.02199198,Low,45.94,ssp585
BIHAR,MUZAFFARPUR,1151.6462802449764,,,0.1504746344867429,2040,77.65853024497629,-0.2779834368590387,-0.25018509317313486,72.94538182596582,16.547894478230578,35.7851206544994,68.98500524722715,16.591879706333025,120.3598800128436,49.32715577278276,9.872713683286927,17.965076574903105,0.8732772307546472,,,-0.01398037962861189,33.3,3.6,0.5,1.047,0.0074605867,7.23,0,58,17.4837,4.1323,12.690437393447786,1.0882313452943522,49.32715577278276,9.872713683286927,17.965076574903105,0.8732772307546472,-45.19485577278276,2.817723710160859,-0.4813765749031056,0.21495411453970492,-0.0074605867,0.0028367427166112653,-0.022163015,Low,47.39,ssp585
BIHAR,NALANDA,1122.6240790410577,,,0.16395911550501774,2040,82.31695404105768,0.058793402616599114,0.0529140623549392,54.730237385182306,17.000662339072132,34.28662713559085,66.18687198098256,18.497582898960427,90.3048916855508,49.23256093984273,10.653818666554537,18.419229012777254,0.8531933708038805,,,-0.017236328772980637,33.3,3.6,0.5,1.0467,0.009638676,7.91,0,61,17.6103,4.1622,13.307289413063831,1.050777382398312,49.23256093984273,10.653818666554537,18.419229012777254,0.8531933708038805,-45.07036093984273,2.653470746509294,-0.8089290127772557,0.1975840115944315,-0.009638676,0.004325879912390391,-0.02159752,Low,46.46,ssp585
BIHAR,NAWADA,1229.9627397710692,,,0.16157344944304505,2040,73.39386477106905,0.327174445306911,0.2944570007762199,62.90373139255339,17.786391609332203,37.56194916422327,62.61715096309304,15.481373176032792,103.79115679771309,49.45750843590327,10.853785619591868,18.46304156336751,0.9099959221957213,,,-0.018591486264551527,33.3,3.6,0.5,1.0334,0.010605524,6.35,0,67,17.6623,4.1745,13.59699996882483,1.0909282238947156,49.45750843590327,10.853785619591868,18.46304156336751,0.9099959221957213,-45.28300843590327,2.7432143492329626,-0.800741563367513,0.1809323016989942,-0.010605524,0.00306467708512559,-0.021336222,Moderate,45.11,ssp585
BIHAR,PASHCHIM CHAMPARAN,1548.0635514002133,26.819943335321227,52.7015282338487,0.1636263598094203,2040,85.3316764002133,0.11411159078271317,0.10270043170444186,84.02715576018437,21.679795814552236,45.37884626288747,69.09950815974449,20.455844338052852,138.6448070043042,51.2101828203017,9.728686559118337,17.504031297538724,1.2351243455769854,1.5746807422902982,2.0516632420937384,-0.01875001483030807,61.5,9.1,1.6,1.0297,0.008446212,5.83,0,72,17.3579,4.277,12.85662643075721,1.1207864072767342,51.2101828203017,9.728686559118337,17.504031297538724,1.2351243455769854,-46.9331828203017,3.1279398716388727,-0.146131297538723,-0.11433793830025119,-0.008446212,0.0012141758621284932,0.024781283,Low,46.32,ssp585
BIHAR,PATNA,1096.638668798013,27.131410088804046,52.49198180925293,0.14406931618180094,2040,75.12091879801308,-0.07356437741383347,-0.06620793967245013,54.25121092467536,15.439789348244796,33.36057135087666,74.56590265318955,19.646417985236237,89.51449802571435,46.279168200685554,9.308608090525563,18.35437930188435,0.729789955731206,1.5301225251621815,1.8513607119766249,-0.016724889181801362,71.5,11.6,2.1,1.0427,0.00865143,7.35,0,73,17.5761,4.361,12.331557380210821,0.968605917219127,46.279168200685554,9.308608090525563,18.35437930188435,0.729789955731206,-41.91816820068556,3.0229492896852577,-0.7782793018843499,0.23881596148792106,-0.00865143,0.004485496520059928,-0.014605481,Low,46.13,ssp585
BIHAR,PURBA CHAMPARAN,1303.2013614888467,26.847379525502532,52.50464893782952,0.15828225769603108,2040,69.16498648884676,-0.39504884639316595,-0.35554396175384934,71.5300365150483,18.312896354220353,42.77481020891535,69.94097351605336,17.122963378751578,118.02456024982968,50.76027053849239,9.758782983572994,17.909487147913964,0.8718572205976468,1.532389730215084,1.6934390568425712,-0.01922752083712594,62.4,9.3,1.6,1.027,0.009873996,5.6,0,76,17.4159,4.2939,12.128076943166901,1.0881730697026923,50.76027053849239,9.758782983572994,17.909487147913964,0.8718572205976468,-46.46637053849239,2.3692939595939073,-0.4935871479139635,0.21631584910504553,-0.009873996,0.0032538889747678094,-0.01492273,Low,45.11,ssp585
BIHAR,PURNIA,1667.7355793308186,27.540837506453208,56.447956249133064,0.184793526635057,2040,110.15070433081847,0.020172825375887993,0.018155542838299194,67.54456406584619,22.874306954309347,40.431877515384436,58.76896429474563,28.881492688978526,111.4485307086462,46.08491584041908,13.620700383582324,16.763550607316194,1.1017823162225981,1.7568997244040296,2.400405911334758,-0.0222545340798324,86.1,15.6,3.1,1.0346,0.010293675,7.07,0,77,17.5345,4.3903,16.934375807054423,1.4269516158976652,46.08491584041908,13.620700383582324,16.763550607316194,1.1017823162225981,-41.694615840419075,3.313675423472098,0.7709493926838071,0.325169299675067,-0.010293675,0.0014234200085904527,-0.015620322,Moderate,46.16,ssp585
BIHAR,ROHTAS,1149.1556892313395,,,0.14593433942432935,2040,26.173939231339457,0.2831464196399353,0.2548317776759418,55.07095069699403,15.969072836046777,34.332780621983055,65.65987344869988,31.720060897569816,90.86706865004015,50.08088788708863,11.571308110057585,18.65764222997103,0.9950036560091524,,,-0.020363313915850518,33.3,3.6,0.5,1.0012,0.008852738,2.33,0,82,17.6463,4.1707,12.837341076103733,1.1025682310573846,50.08088788708863,11.571308110057585,18.65764222997103,0.9950036560091524,-45.910187887088625,1.266032966046149,-1.0113422299710315,0.10756457504823214,-0.008852738,0.003221002089857879,-0.017114477,Low,43.99,ssp585
BIHAR,SAHARSA,1384.492273347128,,,0.1629462681453789,2040,106.60164834712785,-0.17648958575421933,-0.1588406271787974,74.74025633060887,19.071113402168585,39.1442061541193,64.48442270410469,17.924347224904142,123.32142294550464,47.44833978233958,11.797075911665198,17.307769132093963,0.9439952500438892,,,-0.025197060158516405,33.3,3.6,0.5,1.0374,0.014240615,8.34,0,83,17.5268,4.1425,13.40411903732763,1.1269356127546872,47.44833978233958,11.797075911665198,17.307769132093963,0.9439952500438892,-43.30583978233958,1.6070431256624325,0.21903086790603865,0.18294036271079805,-0.014240615,0.0021899739815224336,-0.02206008,Moderate,43.13,ssp585
BIHAR,SAMASTIPUR,1217.4932831852395,,,0.14909326033085926,2040,95.7710331852396,0.0487307911428043,0.04385771202852387,65.73796898722632,17.056928945307213,37.48392923349247,64.73210036556766,18.42016775627443,108.46764882892343,48.34261758068315,10.279339142976594,17.876484929360345,0.8767461092158747,,,-0.015208975752162391,33.3,3.6,0.5,1.0539,0.00647605,8.54,0,84,17.5347,4.1443,13.187200385002406,1.086694491982661,48.34261758068315,10.279339142976594,17.876484929360345,0.8767461092158747,-44.198317580683145,2.9078612420258114,-0.3417849293603439,0.2099483827667864,-0.00647605,0.0024303744790324803,-0.022163015,Low,48.35,ssp585
BIHAR,SARAN,1050.2154163074463,,,0.13893404732742423,2040,51.48554130744629,-0.5516017727931963,-0.49644159551387673,68.22847541032782,14.47956100520595,34.98421747661996,72.83180104414022,14.602613688583734,112.5769844270409,48.980342952501815,9.103941109314768,18.29156675622986,0.7751122414703517,,,-0.01433495808378012,33.3,3.6,0.5,1.0315,0.008291396,5.16,0,87,17.5159,4.1399,12.05808267973035,0.9873927078997828,48.980342952501815,9.103941109314768,18.29156675622986,0.7751122414703517,-44.84044295250182,2.954141570415583,-0.7756667562298603,0.2122804664294311,-0.008291396,0.0017154384859280477,-0.020771222,Low,45.61,ssp585
BIHAR,SHEIKHPURA,1179.0932822594734,,,0.16995646095239966,2040,91.36653225947346,0.19489682367603814,0.17540714130843432,55.89651143884487,18.09913382030126,37.111041909879376,64.98010679994533,19.888083981579292,92.22924387409402,49.74478505203776,10.473216651805147,18.297951894317578,0.7945008022533472,,,-0.01840827838699498,33.3,3.6,0.5,1.0486,0.011113983,8.4,0,89,17.6217,4.1649,13.273756612360092,1.0978793723185478,49.74478505203776,10.473216651805147,18.297951894317578,0.7945008022533472,-45.57988505203776,2.8005399605549446,-0.676251894317577,0.30337857006520064,-0.011113983,0.004481111340216337,-0.02253124,Moderate,45.89,ssp585
BIHAR,SHEOHAR,1236.8011918864197,,,0.15788522089346668,2040,77.17156688641961,0.05135417993636379,0.046218761942727414,75.96629748866994,17.547109905387877,42.020534554146096,74.38344344842747,12.960639629255356,125.3443908563054,49.49400131833451,11.023236240174112,17.86879344253231,0.9929003949707994,,,-0.01810198511734386,33.3,3.6,0.5,1.0362,0.0075874818,6.65,0,90,17.436,4.121,13.103105283824146,1.0772544475746517,49.49400131833451,11.023236240174112,17.86879344253231,0.9929003949707994,-45.37300131833451,2.0798690436500333,-0.43279344253231145,0.08435405260385231,-0.0075874818,0.0010375415772174872,-0.01661591,Low,47.0,ssp585
BIHAR,SITAMARHI,1342.1969804195746,27.225829568174156,54.990156784220495,0.16569744992762825,2040,96.70685541957454,0.1271948829385625,0.11447539464470623,70.31099989789334,19.921162158125195,39.97472111108476,72.33259919891711,17.25320864725888,116.013149831524,49.71614783850831,10.70708489666542,17.70579682745004,0.9534092128512964,1.6373498506016275,2.296811916302495,-0.021382136632066995,74.7,12.4,2.3,1.0393,0.010753176,7.76,0,93,17.4252,4.3326,14.56370261456449,1.1499326046727756,49.71614783850831,10.70708489666542,17.70579682745004,0.9534092128512964,-45.38354783850831,3.85661771789907,-0.2805968274500401,0.19652339182147915,-0.010753176,0.0022538525173949,-0.0144307045,Moderate,45.48,ssp585
BIHAR,SIWAN,1058.8224217684287,,,0.1414478932600776,2040,39.609171768428716,-0.6237736468164468,-0.5613962821348021,73.63439920895603,15.176658489322543,34.926780056735154,73.55794411355204,14.461831507039676,121.49675869477744,50.5395265427739,9.221811499832688,18.31114226630012,0.8173204928761137,,,-0.016810724048770587,33.3,3.6,0.5,1.0181,0.008069924,3.89,0,94,17.4861,4.1328,11.925744777662826,0.9701368208195603,50.5395265427739,9.221811499832688,18.31114226630012,0.8173204928761137,-46.406726542773896,2.7039332778301386,-0.8250422663001196,0.15281632794344657,-0.008069924,0.0015094436663907434,-0.020860856,Low,45.2,ssp585
BIHAR,SUPAUL,1570.9365516501477,27.04881186617746,55.507222636217,0.17840832869269052,2040,138.49592665014762,-0.0791736284102138,-0.07125626556919243,78.43391829454328,21.86940949077118,43.47576392325132,75.2676395816336,27.499007786270308,129.41596518599638,48.070508576420735,12.392472075568596,16.850169434019232,1.0243291152214222,1.5954428944322856,2.5377024763096827,-0.022048812451064232,68.8,10.9,2.0,1.0526,0.009185087,9.67,0,96,17.4661,4.3257,15.088906133804011,1.4163027286382406,48.070508576420735,12.392472075568596,16.850169434019232,1.0243291152214222,-43.74480857642074,2.6964340582354147,0.6159305659807686,0.39197361341681836,-0.009185087,0.000944429597458135,-0.01521946,Low,47.48,ssp585
BIHAR,VAISHALI,1093.4742100871472,27.131410088804046,52.49198180925293,0.1491255544054204,2040,83.24383508714706,-0.4192078265148886,-0.37728704386339973,61.04890515864331,16.174506128399315,36.453796293879876,67.79562102591456,13.0463333289933,100.73069351176146,47.375922827502684,8.91090683802121,18.127577431664502,0.7414805500826241,1.5301225251621815,1.8513607119766249,-0.0074778669467104215,71.5,11.6,2.1,1.0663,0.001218265,8.24,0,99,17.5381,4.3516,11.712946104273492,0.919538920727158,47.375922827502684,8.91090683802121,18.127577431664502,0.7414805500826241,-43.02432282750269,2.8020392662522813,-0.589477431664502,0.1780583706445339,-0.001218265,0.004251211474244068,-0.01497354,Low,52.5,ssp585
MAHARASHTRA,AHILYANAGAR,1189.468390930003,27.56918539603552,47.062380322588474,0.21001326246852903,2040,76.69464093000278,1.8677979752350997,1.6810181777115898,67.70738783755895,17.112096966909554,36.624784086745834,84.74768567947076,18.1022591197739,111.71718993197227,49.81523730947029,10.019539687016353,18.808474001645877,0.5995753946415238,1.4473962287108193,1.897977155921538,-0.014543736551428255,87.2,15.9,3.2,1.0448,0.00799682,6.89,1,1,18.3273,4.5917,12.367277064597983,0.9132322901195561,49.81523730947029,10.019539687016353,18.808474001645877,0.5995753946415238,-45.22353730947029,2.3477373775816304,-0.48117400164587565,0.3136568954780323,-0.00799682,-0.00391361987255966,-0.015690539,Low,48.43,ssp585
MAHARASHTRA,AKOLA,1224.376318877608,28.43642504347696,48.33211151989636,0.23961076761110606,2040,94.46456887760793,1.81148893011862,1.6303400371067582,95.80131440447263,16.78372921424568,39.45903061502628,77.79930903403285,17.234287537927685,158.07216876737985,54.45000450645717,10.32466255967166,18.54131827072183,0.7239500313958462,1.4567127658261263,2.060875590190598,-0.011069566932800135,122.9,28.3,6.7,1.0596,0.007508791,8.36,1,2,18.1441,4.6327,12.679625894568446,0.929126143058533,54.45000450645717,10.32466255967166,18.54131827072183,0.7239500313958462,-49.81730450645717,2.3549633348967856,-0.39721827072182947,0.2051761116626868,-0.007508791,-0.0008861298517703563,-0.014874831,Low,49.85,ssp585
MAHARASHTRA,AMRAVATI,1286.8832571194155,27.701019439432354,48.30350788113244,0.24169564775323077,2040,107.69700711941545,1.4219056920270994,1.2797151228243893,95.77210596061404,17.024023772075143,39.27194609555127,72.23175989429913,21.40500985066739,158.02397483501315,54.03731959500179,11.352902351799045,18.26101845195213,0.9254048766817043,1.462010128630532,1.781674186766793,-0.012905171432039387,92.2,17.5,3.6,1.0629,0.007859601,9.13,1,3,18.1107,4.5506,13.719635333945453,1.0238778073118273,54.03731959500179,11.352902351799045,18.26101845195213,0.9254048766817043,-49.48671959500179,2.3667329821464076,-0.15031845195212767,0.09847293063012297,-0.007859601,0.00043639635551614514,-0.0109450845,Low,49.89,ssp585
MAHARASHTRA,BEED,993.1109302006691,,,0.2298853457404265,2040,58.077930200669066,0.9682927400516261,0.8714634660464635,47.9412029874585,15.589692545954753,29.63972622853602,69.24658008539728,16.246318132605534,79.10298492930653,53.38859364063456,9.659209475926913,18.664126500832804,0.6017091301364644,,,-0.013871284153052766,33.3,3.6,0.5,1.0412,0.009360126,6.21,1,8,18.3454,4.3359,12.6494112951064,0.9420109893447037,53.38859364063456,9.659209475926913,18.664126500832804,0.6017091301364644,-49.05269364063456,2.9902018191794877,-0.31872650083280263,0.3403018592082393,-0.009360126,0.006322950789784089,-0.023732558,Low,47.99,ssp585
MAHARASHTRA,BHANDARA,1617.532413729181,27.13944141070048,48.85147772884397,0.2387650868703926,2040,120.51078872918079,0.7611005438014453,0.6849904894213008,93.3848787865418,24.110472693216746,50.804383559882055,60.29628607639144,15.546250260594595,154.08504999779396,52.7955909514249,12.275719443201227,18.24384632391761,1.0379066995885429,1.4647395908832557,2.0421622155706416,-0.014791006935044693,71.8,11.6,2.1,1.053,0.0073754196,8.05,1,12,18.1143,4.4953,14.475145981210806,1.1388774690352388,52.7955909514249,12.275719443201227,18.24384632391761,1.0379066995885429,-48.3002909514249,2.199426538009579,-0.12954632391760867,0.10097076944669592,-0.0073754196,-0.001164176376382171,-0.011517035,Low,49.56,ssp585
MAHARASHTRA,BULDHANA,1141.516481542632,28.48410463995405,48.23262803032023,0.23964277153648522,2040,69.97073154263185,1.2771288448004399,1.149415960320396,82.30590220140616,16.080047422112926,34.93895011267005,79.26428547142677,17.454355025134657,135.80473863232015,54.72640223373851,10.451804988361207,18.630451300616222,0.7238331450182088,1.4870864517159077,2.1947017041838066,-0.01285077460662425,125.1,29.2,7.0,1.0447,0.009096866,6.53,1,14,18.1769,4.6459,12.380157630199191,0.981221276942765,54.72640223373851,10.451804988361207,18.630451300616222,0.7238331450182088,-50.080502233738514,1.928352641837984,-0.4535513006162226,0.2573881319245561,-0.009096866,-0.00234950245202813,-0.01652819,Low,48.44,ssp585
MAHARASHTRA,CHANDRAPUR,1575.4721053386681,28.724209619892967,49.98567497897593,0.236346317194058,2040,123.88735533866803,0.6954100892152472,0.6258690802937225,79.42320743173934,23.378727345873482,51.11837362462198,63.78290039086563,17.557847125421176,131.0482922623699,53.06872892705223,13.173954202159194,18.30882819433108,1.1195297216626983,1.4248515400621613,2.193210965544168,-0.01745870556614178,136.0,33.8,8.5,1.0533,0.010288403,8.53,1,16,18.2281,4.6831,14.502436956555098,1.1491531158187511,53.06872892705223,13.173954202159194,18.30882819433108,1.1195297216626983,-48.385628927052224,1.3284827543959032,-0.0807281943310798,0.029623394156052862,-0.010288403,-0.0008400117369207753,-0.0042254003,Moderate,48.31,ssp585
MAHARASHTRA,CHHATRAPATI SAMBHAJI NAGAR,1057.4206931858669,28.06089350912307,47.26322700064137,0.23374405128913836,2040,55.962818185866745,1.2145751781823155,1.093117660364084,65.83643341227756,15.085829700962606,32.82657702302855,88.01294298346808,16.527452309949823,108.63011513025796,52.79687130432649,10.32825049874896,18.67819669634991,0.6982985690220139,1.459918859932167,1.9702857024478604,-0.013158780356761813,106.7,22.3,4.9,1.0377,0.010422724,5.59,1,17,18.2361,4.6184,12.05199501275162,0.8650174303720922,52.79687130432649,10.32825049874896,18.67819669634991,0.6982985690220139,-48.178471304326486,1.7237445140026608,-0.44209669634991045,0.1667188613500783,-0.010422724,-0.0034891081258792435,-0.016137304,Moderate,47.43,ssp585
MAHARASHTRA,DHARASHIV,973.8954795269735,28.10819717248283,46.513475350367465,0.23191018635689442,2040,74.96997952697359,0.7390744878094385,0.6651670390284947,47.5313985670427,14.78954051578998,29.666997021047106,68.36470388825074,15.954740617343319,78.42680763562045,53.22526482890938,9.240628556273833,18.560714836029067,0.5246712809760289,1.3848686118920852,1.9508981672950654,-0.013335300301178483,108.7,23.0,5.1,1.0567,0.011792547,8.34,1,19,18.4279,4.6718,11.62736510191772,0.8899408310373513,53.22526482890938,9.240628556273833,18.560714836029067,0.5246712809760289,-48.553464828909384,2.3867365456438865,-0.13281483602906619,0.36526955006132245,-0.011792547,0.0022821220407656545,-0.017168086,Moderate,47.75,ssp585
MAHARASHTRA,DHULE,1102.8628726929396,28.27077664931616,49.34109939819812,0.2054020608523288,2040,95.73312269293955,2.1326559723274845,1.919390375094736,73.62905296769321,15.995920119811553,38.85369224449772,79.21588236490359,16.88626932195667,121.4879373966938,53.32861163018272,9.540671910490708,18.71767960766872,0.6225485514338224,1.4052773813406716,1.789589236421108,-0.014812825933501379,115.7,25.5,5.9,1.0627,0.010770954,9.51,1,20,18.1133,4.6083,11.64584740331273,0.8796496382637651,53.32861163018272,9.540671910490708,18.71767960766872,0.6225485514338224,-48.72031163018272,2.1051754928220223,-0.6043796076687222,0.2571010868299427,-0.010770954,-0.0013070305068359034,-0.0162577,Moderate,47.89,ssp585
MAHARASHTRA,GADCHIROLI,1712.2580287545443,28.421608209609996,51.10973208695927,0.19034939051255148,2040,88.77215375454419,0.501534926350219,0.4513814337151971,80.54099933383026,22.572617967144584,49.80128930146356,60.32885422299701,20.021723567069643,132.89264890081992,52.061344042088884,15.995639159860614,17.977094147714386,1.6007697570045238,1.5022818942864837,2.1824955220132267,-0.019862478380000593,122.3,28.1,6.6,1.0271,0.013791672,5.47,1,21,18.2646,4.662,14.303749000054346,1.2171219445736177,52.061344042088884,15.995639159860614,17.977094147714386,1.6007697570045238,-47.399344042088885,-1.6918901598062686,0.28750585228561576,-0.3836478124309062,-0.013791672,0.00110903860882996,0.025075354,Moderate,44.11,ssp585
MAHARASHTRA,GONDIA,1660.8583299049244,27.666193789905996,48.93021593233207,0.21322913596900353,2040,110.49770490492429,0.4886371187054768,0.43977340683492916,91.60612020531471,22.920556597712338,52.536787554302045,58.581655743088014,15.11519069550669,151.15009833876925,51.87903128639252,13.187509745637458,18.082756867114583,1.2411022199807398,1.4917816784647016,2.060163062019008,-0.017237866075669562,90.9,17.0,3.5,1.0431,0.009655348,7.13,1,23,18.1117,4.5474,15.368148880738353,1.2203906818722998,51.87903128639252,13.187509745637458,18.082756867114583,1.2411022199807398,-47.33163128639252,2.180639135100895,0.02894313288541639,-0.020711538108439953,-0.009655348,0.0006853325127280985,0.0088522835,Low,47.63,ssp585
MAHARASHTRA,HINGOLI,1160.395071899356,,,0.21691282087150954,2040,76.70119689935586,0.5929463556625925,0.5336517200963332,67.8115994030756,17.453805499491537,36.772360428362916,78.32708599860209,18.544679935132223,111.88913901507475,53.5002178704598,10.46205524988212,18.56041420079911,0.7063781797145197,,,-0.008698681480380156,33.3,3.6,0.5,1.0539,0.0034123047,7.08,1,26,18.2793,4.3203,13.1161233938191,1.0833591364128357,53.5002178704598,10.46205524988212,18.56041420079911,0.7063781797145197,-49.1799178704598,2.65406814393698,-0.2811142007991094,0.376980956698316,-0.0034123047,0.003362196367780672,-0.024336116,Low,51.12,ssp585
MAHARASHTRA,JALGAON,1100.3683696462447,28.139209674464325,47.94951562221206,0.22762674087605658,2040,74.39561964624441,1.2160100073092732,1.094409006578346,81.68588098814729,15.10440190448945,33.95946429694628,75.71571240925368,17.830655254997293,134.78170363044302,53.052609962276556,10.2555840497542,18.622624193931998,0.7448123551906493,1.5006426241662723,2.045889378940636,-0.013742213145856236,110.0,23.4,5.2,1.0486,0.009475429,7.25,1,29,18.1459,4.6034,12.799959611049044,0.9039087235815662,53.052609962276556,10.2555840497542,18.622624193931998,0.7448123551906493,-48.449209962276555,2.544375561294844,-0.4767241939319966,0.1590963683909169,-0.009475429,2.9574943915801815e-05,-0.016241807,Low,48.27,ssp585
MAHARASHTRA,JALNA,1105.2743907093713,28.43968039751053,47.87451267041701,0.23398801531378663,2040,52.443765709371206,0.8304250288744185,0.7473825259869766,66.58197283993061,15.75793300591528,33.95586626533428,78.936450025703,19.32502354912383,109.8602551858855,54.27243537493416,10.523086872956119,18.684091819162727,0.7162217400770318,1.4804320534070328,2.1928346300180195,-0.012232386656239814,123.1,28.4,6.7,1.0346,0.008284191,4.98,1,30,18.2473,4.6594,12.68411445643722,0.9432885685433123,54.27243537493416,10.523086872956119,18.684091819162727,0.7162217400770318,-49.613035374934164,2.1610275834811006,-0.43679181916272825,0.22706682846628057,-0.008284191,-0.0010435726114500887,-0.016241807,Low,48.19,ssp585
MAHARASHTRA,KOLHAPUR,2009.0779660777619,27.85872753461203,54.58753807912442,0.24476662876654282,2040,146.68034107776182,-0.04879904326896678,-0.043919138942070106,93.01354445792991,27.875955816215594,59.42918452743371,76.33719772422441,34.17717058054857,153.47234835558433,45.18250570447228,17.1993972311699,18.040284429589573,1.2543937054679521,1.482565144697834,2.0660018627388155,-0.022080993487080692,98.4,19.5,4.1,1.0438,0.014842876,7.88,1,43,18.5895,4.6871,16.696452806327837,1.5258577051028508,45.18250570447228,17.1993972311699,18.040284429589573,1.2543937054679521,-40.495405704472276,-0.5029444248420631,0.5492155704104285,0.27146399963489865,-0.014842876,0.0011054454829853432,-0.012879439,Moderate,46.13,ssp585
MAHARASHTRA,LATUR,1086.0785942446698,28.474554333421928,47.20893423156158,0.23817792392775755,2040,97.66671924466982,0.8106982429041752,0.7296284186137578,56.76558147133733,15.757982839547804,32.053167210710434,66.79541444181554,16.41296727497196,93.66320942770659,53.995994040479225,10.001950854699858,18.437256921585643,0.5794383501525736,1.3791942232185022,1.9658589738744183,-0.011765535076565015,124.6,29.0,6.9,1.0694,0.008925943,9.88,1,46,18.4095,4.7043,12.63883777326689,0.930507482535411,53.995994040479225,10.001950854699858,18.437256921585643,0.5794383501525736,-49.29169404047923,2.636886918567031,-0.027756921585641692,0.35106913238283743,-0.008925943,0.0018723554152130248,-0.017313786,Low,49.72,ssp585
MAHARASHTRA,MUMBAI,3072.009355481201,,,0.17123438753016376,2040,197.11673048120053,,,182.08251890642214,49.717936227013006,109.28819923297335,135.6311205390101,30.14574431551269,300.43615619559654,5.158263461124448,1.2911110367883731,18.786187960129578,0.04170215567788901,,,-0.016706150041956653,33.3,3.6,0.5,1.0405,0.008336381,6.86,1,55,18.3469,4.3363,5.908977816019854,0.6508953343634366,5.158263461124448,1.2911110367883731,18.786187960129578,0.04170215567788901,-0.8219634611244482,4.6178667792314805,-0.43928796012957605,0.6091931786855476,-0.008336381,0.0017760187421952288,-0.01801359,Low,47.16,ssp585
MAHARASHTRA,MUMBAI SUBURBAN,3089.3704152469395,,,0.17336796140686794,2040,214.15191524693913,,,177.98841541692997,48.81569824110682,107.58561481348087,119.79771155926001,31.986353961994517,293.6808854379344,14.162604370781871,4.772629490001859,18.66631151010055,0.34509495179601174,,,-0.016443771704481042,33.3,3.6,0.5,1.0451,0.007866277,7.45,1,56,18.3313,4.3326,7.368957187155312,0.7286577503591667,14.162604370781871,4.772629490001859,18.66631151010055,0.34509495179601174,-9.830004370781872,2.596327697153453,-0.33501151010054997,0.38356279856315495,-0.007866277,0.0017925120844306923,-0.019554777,Low,47.72,ssp585
MAHARASHTRA,NAGPUR,1448.568004266198,27.18222373723985,49.068254501607946,0.23224566152288437,2040,126.01050426619767,1.3660738354246538,1.2294664518821885,86.07997009566078,21.480210610855565,43.21089305604097,60.4271454816243,21.066173545103712,142.0319506578403,52.877500344731786,11.248380493519734,18.255321643957338,0.9148729741107865,1.442697495222103,1.9549191137790842,-0.014729348472145815,73.2,12.0,2.2,1.0634,0.0046963994,9.53,1,60,18.1109,4.4988,14.115513913840251,1.0621091595085868,52.877500344731786,11.248380493519734,18.255321643957338,0.9148729741107865,-48.37870034473178,2.867133420320517,-0.1444216439573367,0.14723618539780026,-0.0046963994,-0.0008693679425961851,-0.017706707,Low,51.15,ssp585
MAHARASHTRA,NANDED,1193.2407658546463,28.705133716265372,48.99755511071407,0.2207867046090829,2040,125.31401585464616,0.41638985962744507,0.37475087366470056,56.446216160451485,16.51139505946694,33.650360352876206,65.2895191116852,19.742935564867746,93.13625666474495,53.815211670537224,10.685434248343284,18.514667017878214,0.747027299739005,1.4173791607221105,2.142647729059746,-0.009705863520731595,135.1,33.4,8.3,1.0851,0.0024464002,11.73,1,63,18.3344,4.7085,13.511207682099872,1.0612754333376373,53.815211670537224,10.685434248343284,18.514667017878214,0.747027299739005,-49.10671167053722,2.825773433756588,-0.18026701787821509,0.31424813359863235,-0.0024464002,0.004351715410960536,-0.016366677,Low,53.15,ssp585
MAHARASHTRA,NANDURBAR,1185.8056092037775,28.27077664931616,49.34109939819812,0.22268667066559866,2040,114.04398420377733,1.322127979756825,1.1899151817811426,83.40275716392114,16.84617890201275,43.327665733258996,88.21342756331782,18.758452033721824,137.61454932046988,52.61903523969254,10.78865564371449,18.665454496568238,0.7670457440736443,1.4052773813406716,1.789589236421108,-0.015107951739989706,115.7,25.5,5.9,1.0706,0.008094121,10.64,1,64,18.0695,4.5971,12.797925690585034,1.0008610709421275,52.61903523969254,10.78865564371449,18.665454496568238,0.7670457440736443,-48.021935239692546,2.009270046870544,-0.5959544965682362,0.23381532686848316,-0.008094121,-0.002565128558859453,-0.01769218,Low,49.9,ssp585
MAHARASHTRA,NASHIK,1497.822364350627,28.31383893887202,51.39156153938499,0.21293760110939855,2040,129.73036435062681,1.1406199118355926,1.0265579206520334,88.05563177604658,21.180720065930863,48.67252773528778,94.73593883173581,21.92747916989996,145.29179243047685,48.9719678071553,11.040590732788766,18.591549490875963,0.696594417758699,1.462091734011971,1.8580981541465889,-0.015916487229902982,117.5,26.2,6.1,1.0612,0.005592437,9.48,1,66,18.2141,4.6382,13.984279496357075,1.1114287628479058,48.9719678071553,11.040590732788766,18.591549490875963,0.696594417758699,-44.333767807155304,2.943688763568309,-0.37744949087596424,0.4148343450892068,-0.005592437,-0.0015786892743397606,-0.01824137,Low,50.43,ssp585
MAHARASHTRA,PALGHAR,2684.8799894921835,27.960419840282867,53.49484893002026,0.17682880149042815,2040,230.02923949218362,-0.12192096345065369,-0.10972886710558832,138.6717749158565,41.624185907347844,95.22722217376318,124.55755027670828,34.88590617822292,228.8084286111632,47.47281708915749,14.842462485558245,18.385484543414965,1.0535377203812608,1.500989811287991,1.8999595213303309,-0.017580820971053946,102.6,20.8,4.5,1.057,0.011410975,9.37,1,70,18.2646,4.6154,12.925115468453646,1.324585817308938,47.47281708915749,14.842462485558245,18.385484543414965,1.0535377203812608,-42.85741708915749,-1.9173470171045999,-0.12088454341496302,0.2710480969276772,-0.011410975,0.0030170052573589594,-0.0122377565,Moderate,46.4,ssp585
MAHARASHTRA,PARBHANI,1131.2789308224023,28.39525608883964,47.524439387437326,0.2268670808471341,2040,73.70730582240218,0.7711219318913708,0.6940097387022337,53.92455051355867,17.782185063492825,33.23141862425003,65.0033572534577,18.85806071776826,88.9755083473718,53.477052546608846,10.391309297468132,18.676671119153223,0.708729487021743,1.473777708080086,2.19126634007538,-0.010758361528115951,121.1,27.6,6.5,1.0504,0.007829152,6.97,1,71,18.314,4.6719,13.254603875151322,1.0316814244970343,53.477052546608846,10.391309297468132,18.676671119153223,0.708729487021743,-48.805152546608845,2.86329457768319,-0.36267111915322303,0.3229519374752913,-0.007829152,0.0022182149889398064,-0.01661968,Low,49.07,ssp585
MAHARASHTRA,PUNE,1465.8885174382992,27.43634614679551,52.70834010271116,0.20669388597567026,2040,101.18039243829922,1.040172475772116,0.9361552281949044,81.64677181030848,20.772029708271816,44.36123005979557,88.88642526108308,21.510758545345464,134.71717348700898,45.87490917894903,12.003616670144558,18.565923170177815,0.7612637283131338,1.5150857104195772,1.8787732716176038,-0.018886405414250202,82.2,14.5,2.8,1.0427,0.011948417,7.41,1,75,18.3804,4.5915,13.539618307687826,1.0681314011704737,45.87490917894903,12.003616670144558,18.565923170177815,0.7612637283131338,-41.28340917894903,1.5360016375432686,-0.18552317017781306,0.30686767285733985,-0.011948417,-0.00116802706688324,-0.017661134,Moderate,46.35,ssp585
MAHARASHTRA,RAIGAD,2795.3887490322813,27.693696386284312,55.964082707967655,0.21412569916225052,2040,188.78749903228137,-1.174279413547832,-1.0568514721930489,124.64053549993685,44.20941596731274,89.48695508137754,107.13019311156258,34.858669929826775,205.65688357489577,47.2082158490613,16.790227572868368,18.18928778568015,1.2118224927616408,1.5352134870158458,1.8702803313922942,-0.019546194829205128,91.9,17.4,3.6,1.041,0.012358573,7.24,1,78,18.3957,4.6215,16.835144527968723,1.4403454109933027,47.2082158490613,16.790227572868368,18.18928778568015,1.2118224927616408,-42.5867158490613,0.04491695510035498,0.20641221431985102,0.22852291823166193,-0.012358573,0.004392580274024815,-0.01835029,Moderate,46.28,ssp585
MAHARASHTRA,RATNAGIRI,3004.689758235331,28.002809007962547,57.25047357659894,0.2212133286009547,2040,215.8226332353303,-0.7189671222949376,-0.6470704100654439,129.97870967067524,46.8582166375895,80.75946219666483,106.93013287160605,41.8889435410551,214.46487095661413,47.78929311205242,20.841713761317834,18.239373591454058,1.5332297672161201,1.5278515418370595,2.0649837952948786,-0.022390103086628994,104.3,21.4,4.7,1.0414,0.015708221,7.74,1,81,18.5137,4.6827,17.48800436744047,1.473745253022316,47.78929311205242,20.841713761317834,18.239373591454058,1.5332297672161201,-43.10659311205242,-3.353709393877363,0.27432640854594226,-0.05948451419380407,-0.015708221,0.0037298971811332753,0.020430679,Moderate,44.97,ssp585
MAHARASHTRA,SANGLI,1233.8542897934096,27.628464142481498,49.641571957658584,0.23250187280088727,2040,87.10428979340952,2.070867789725021,1.863781010752519,55.95125690280566,17.30836684963459,37.52628877093215,75.11606306879396,20.186689429018415,92.31957388962934,48.036516283598885,10.911667059676427,18.76878886778187,0.6222170598133241,1.4843440453211592,2.031333177864468,-0.018759654835817225,89.4,16.6,3.4,1.0451,0.012991273,7.6,1,86,18.5241,4.6471,12.430413356436471,0.930321738666018,48.036516283598885,10.911667059676427,18.76878886778187,0.6222170598133241,-43.389416283598884,1.5187462967600442,-0.2446888677818677,0.3081046788526939,-0.012991273,0.0027149887080320646,-0.015186934,Moderate,46.67,ssp585
MAHARASHTRA,SATARA,1599.6600757978872,27.154553049140514,50.383100630792796,0.21847969768794415,2040,114.7439507978872,2.8545187354431953,2.5690668618988757,83.45857424929724,22.414594090754754,52.34147419849371,84.65170224114223,25.11065738078056,137.70664751134044,46.04209986020533,12.8920546161822,18.474616360925705,0.825301510981435,1.5314131809605562,2.0648608919033578,-0.019917635523558564,72.3,11.8,2.2,1.0441,0.012460003,7.73,1,88,18.48,4.5876,13.52771540684775,1.0210959777640434,46.04209986020533,12.8920546161822,18.474616360925705,0.825301510981435,-41.45449986020533,0.6356607906655505,0.005383639074295843,0.19579446678260837,-0.012460003,-0.003079261841011904,-0.013939572,Moderate,46.5,ssp585
MAHARASHTRA,SINDHUDURG,3001.3584415621376,28.542769802941233,58.59653834412061,0.2203777803283199,2040,224.2943165621372,-0.7426814240113281,-0.6684132816101953,127.87936857659794,43.00294334788724,78.09030394297125,87.65723620692862,49.42761054969401,211.00095815138658,47.71344821645709,22.19686987794755,17.878373705385382,1.6335776322183646,1.510854793919475,2.002470294139272,-0.022734299881331316,127.7,30.3,7.3,1.0433,0.01601719,8.08,1,92,18.6187,4.7648,17.702675552017055,1.469510549365604,47.71344821645709,22.19686987794755,17.878373705385382,1.6335776322183646,-42.94864821645709,-4.4941943259304935,0.7403262946146185,-0.16406708285276062,-0.01601719,0.004416006937523516,0.025315268,Moderate,44.9,ssp585
MAHARASHTRA,SOLAPUR,882.9088690286304,27.922107597192138,47.3551934373988,0.21862947825791504,2040,60.288994028630434,0.9224908113364683,0.8302417302028215,44.33711136024287,12.687557585971295,27.85558673067123,70.17455133660545,15.605039693823123,73.15623374440074,52.068980454957824,8.656694983848174,18.935962822565298,0.5379547496768868,1.4139089087645302,1.9651452504251523,-0.016199953807752316,101.0,20.3,4.4,1.0459,0.011629194,7.33,1,95,18.4593,4.6607,10.94393604403091,0.8874164670237562,52.068980454957824,8.656694983848174,18.935962822565298,0.5379547496768868,-47.408280454957826,2.287241060182735,-0.4766628225652987,0.34946171734686937,-0.011629194,0.0027716347449321587,-0.016971923,Moderate,46.98,ssp585
MAHARASHTRA,THANE,2660.5464960451964,27.960419840282867,53.49484893002026,0.18539992320834617,2040,206.68987104519644,0.5905919594571486,0.5315327635114337,134.72196889311928,41.76585115915152,84.78435912318238,94.90457017673361,29.960597759495695,222.2912486736468,45.15634613957704,13.44294842766565,18.171512320451594,0.9856186894150541,1.500989811287991,1.8999595213303309,-0.01706449682505636,102.6,20.8,4.5,1.0515,0.010448435,8.42,1,98,18.3068,4.6261,13.842710018112816,1.375171829789131,45.15634613957704,13.44294842766565,18.171512320451594,0.9856186894150541,-40.53024613957704,0.3997615904471665,0.13528767954840504,0.38955314037407696,-0.010448435,0.0018124705973214753,-0.017674739,Moderate,46.94,ssp585
MAHARASHTRA,WARDHA,1403.9093076004638,28.916123926639578,49.00039041826421,0.21689719075626232,2040,131.6644326004635,1.3625264453082009,1.2262738007773808,90.640431174585,20.371040459875704,42.68346211432679,67.55438647091637,19.020240777471045,149.55671143806524,54.356030020592726,11.232802649352601,18.35303653547491,0.8503854730034898,1.4233064850171615,2.0419237884632366,-0.012140959925986006,144.9,37.8,9.8,1.0723,0.0056635174,10.35,1,103,18.1477,4.6817,13.72783998661363,1.0519752735006778,54.356030020592726,11.232802649352601,18.35303653547491,0.8503854730034898,-49.67433002059273,2.495037337261028,-0.2053365354749097,0.201589800497188,-0.0056635174,6.633503175658085e-05,-0.01742275,Low,51.0,ssp585
MAHARASHTRA,WASHIM,1180.551046995764,28.43642504347696,48.33211151989636,0.23759931370939255,2040,81.54792199576396,1.1606295067616774,1.0445665560855097,87.60181961121202,16.66718532700544,36.448449092943605,72.01751311325656,18.0616952703448,144.54300235849982,55.582109104447156,10.335527548950934,18.53497053005761,0.6896197562734491,1.4567127658261263,2.060875590190598,-0.00954010579635663,122.9,28.3,6.7,1.0549,0.0035612362,7.42,1,104,18.2058,4.6484,13.093449133806981,1.0300086823207748,55.582109104447156,10.335527548950934,18.53497053005761,0.6896197562734491,-50.93370910444715,2.7579215848560477,-0.32917053005760977,0.34038892604732573,-0.0035612362,0.0005683984598943327,-0.016241807,Low,51.25,ssp585
MAHARASHTRA,YAVATMAL,1313.5233779270886,28.809781743420512,48.70721321665377,0.22672130634296936,2040,126.32362792708844,0.6886419152364225,0.6197777237127803,78.38773873648229,17.443348019113312,42.121431258504394,70.18516389635465,19.35511442356823,129.33976891519578,54.32119131138805,11.072642363879242,18.48372626612111,0.8258782882177286,1.4131334357791665,2.069354976511619,-0.010474416802158788,139.9,35.5,9.1,1.0764,0.005135358,10.64,1,106,18.2316,4.6926,13.960883284207545,1.113286659636747,54.32119131138805,11.072642363879242,18.48372626612111,0.8258782882177286,-49.62859131138805,2.888240920328304,-0.25212626612110967,0.2874083714190184,-0.005135358,5.350882730806608e-05,-0.016353427,Low,51.55,ssp585
TELANGANA,ADILABAD,1339.2208237574343,29.04410199324292,49.01855189061866,0.1824106771557565,2040,147.4629487574343,0.37753458572307813,0.33978112715077036,77.9020792765609,18.605883113525447,45.086312770057745,63.39916514886638,15.381998919926016,128.53843080632547,53.514686185196446,12.129774287566004,18.344880328985457,0.9512678341725836,1.3754068215688278,2.230623418612822,-0.011669272246932,150.9,40.7,10.8,1.0871,0.009274139,12.37,2,0,18.2872,4.7306,12.91128619694507,1.1688318146870071,53.514686185196446,12.129774287566004,18.344880328985457,0.9512678341725836,-48.78408618519644,0.7815119093790663,-0.05768032898545883,0.2175639805144235,-0.009274139,0.0005840150406101971,-0.0066618696,Low,49.27,ssp585
TELANGANA,BHADRADRI KOTHAGUDEM,1421.576112600692,29.43815553188325,55.902006435587644,0.20851499198633294,2040,73.39961260069202,0.5603366480655129,0.5043029832589616,59.43048403016691,20.28995506313792,41.363051011284966,65.55346199853442,18.805985602398334,98.06029864977539,47.59968809767883,16.120718952441173,18.07149560057923,1.369991093439674,1.4507238268852347,2.6045242454200874,-0.019553002586877272,169.8,50.5,14.5,1.0282,0.014649368,5.44,2,10,18.4724,4.8187,15.623246605623018,1.2044344481902711,47.59968809767883,16.120718952441173,18.07149560057923,1.369991093439674,-42.78098809767883,-0.4974723468181548,0.40090439942077083,-0.16555664524940283,-0.014649368,0.003631212992656817,0.010685221,Moderate,44.38,ssp585
TELANGANA,HANUMAKONDA,1236.8180449962379,,,0.1763767230062848,2040,117.46216999623776,0.7006810078192544,0.630612907037329,69.43531142199183,17.989219164333097,39.23426572298119,56.97461214217816,12.1806463996817,114.56826384628651,46.77668926990739,11.29314847856562,18.365382908202935,0.7395244422259506,,,-0.004084216480746045,33.3,3.6,0.5,1.0866,0.0032405301,10.49,2,25,18.4411,4.3586,12.531018250882816,1.1116742019693329,46.77668926990739,11.29314847856562,18.365382908202935,0.7395244422259506,-42.41808926990739,1.2378697723171967,0.07571709179706332,0.37214975974338227,-0.0032405301,0.005348380731231254,-0.011297546,Low,52.49,ssp585
TELANGANA,HYDERABAD,1046.971142008899,,,0.16670673330425526,2040,78.93951700889914,,,70.58512643105523,15.390838287913638,33.572784331710295,64.78890755594104,10.490479695642719,116.46545861124112,2.144914268207608,0.4589809524337183,18.626587498960884,0.022561657233765978,,,-0.008058853925695515,33.3,3.6,0.5,1.0638,0.010606706,8.15,2,27,18.5035,4.3733,11.202516561791622,1.0544786330850062,2.144914268207608,0.4589809524337183,18.626587498960884,0.022561657233765978,2.2283857317923923,10.743535609357904,-0.123087498960885,1.0319169758512403,-0.010606706,0.002076442948010671,-0.0092208935,Moderate,46.83,ssp585
TELANGANA,JAGTIAL,1291.2128023188066,,,0.24724356058969305,2040,142.6986773188065,0.5682995165013299,0.511469564851197,73.67033155859099,17.55620715887142,41.450173266891625,56.52785085840921,13.897764307596269,121.55604707167512,50.75296784197863,11.715814382217621,18.502590682309158,0.8544773519018748,,,-0.002592208965269977,33.3,3.6,0.5,1.0983,6.180727e-05,12.42,2,28,18.3632,4.3401,13.708542600236404,1.1291988786022427,50.75296784197863,11.715814382217621,18.502590682309158,0.8544773519018748,-46.41286784197863,1.992728218018783,-0.13939068230915908,0.27472152670036787,-6.180727e-05,0.003883514267154607,-0.011700896,Low,54.89,ssp585
TELANGANA,JANGAON,1127.065114335446,29.608038663864146,52.91603627884498,0.1699615476355972,2040,111.41448933544594,0.9208184611391832,0.8287366150252649,61.011151101093795,16.186365132259688,34.96842298367397,61.44095476302064,13.390037603622938,100.66839931680475,49.385685861141006,11.346071203971158,18.483362798586104,0.7337443760166746,1.4101129571596906,2.535000503082344,0.004152507081523826,178.0,55.2,16.4,1.106,0.0018889199,10.97,2,32,18.4692,4.8352,11.699645206560401,1.0286035623963097,49.385685861141006,11.346071203971158,18.483362798586104,0.7337443760166746,-44.550485861141006,0.35357400258924265,-0.01416279858610281,0.29485918637963504,-0.0018889199,0.005766574354954165,-0.0062966864,Low,54.19,ssp585
TELANGANA,JAYASHANKAR BHUPALPALLI,1473.167652229471,,,0.2401542399471397,2040,105.35340222947096,0.23212261649608787,0.20891035484647907,81.71185353576081,20.740055736966205,44.71319387160495,56.629187709775515,18.36890052210673,134.82455833400533,49.780679744406704,14.078587266460259,18.25729054780656,1.1431965213196866,,,-0.016943281192704985,33.3,3.6,0.5,1.0481,0.009258878,7.7,2,33,18.3948,4.3476,14.677739449887794,1.2124377998266016,49.780679744406704,14.078587266460259,18.25729054780656,1.1431965213196866,-45.433079744406704,0.5991521834275346,0.13750945219344146,0.06924127850691497,-0.009258878,0.00038891790871906394,-0.011699977,Low,48.55,ssp585
TELANGANA,JOGULAMBA GADWAL,849.9045416324226,,,0.212849672297284,2040,18.07216663242241,0.44953662306219677,0.40458296075597705,47.27068255458719,11.876043610355605,24.17053747560736,69.75859558497035,12.131013728219546,77.99662621506886,48.705800596126316,9.997327566448456,18.989128836843374,0.612157827592796,,,-0.016903793537499812,33.3,3.6,0.5,1.0088,0.014323377,2.17,2,35,18.6218,4.4013,10.72208898537474,0.9251219652252832,48.705800596126316,9.997327566448456,18.989128836843374,0.612157827592796,-44.30450059612632,0.724761418926283,-0.3673288368433738,0.3129641376324872,-0.014323377,0.0019310354619963882,-0.01158999,Moderate,43.71,ssp585
TELANGANA,KAMAREDDY,1175.2325431294125,28.76482515864903,50.95005622088198,0.2128362987885767,2040,143.56454312941236,0.3772353852462871,0.3395118467216584,62.7343599773198,17.392146359508168,34.115437002815035,63.0119076693612,18.82179167203416,103.51169396257767,50.72728250657924,11.193333091576495,18.656969640212722,0.7863927726903857,1.4325368338161126,2.435204190015277,0.00044472425024475945,137.8,34.6,8.7,1.115,0.0,13.92,2,37,18.4142,4.735,13.409187578247815,1.138359970264274,50.72728250657924,11.193333091576495,18.656969640212722,0.7863927726903857,-45.992282506579244,2.2158544866713203,-0.24276964021272107,0.3519671975738883,0.0018470379,0.006645808538298112,-0.007885859,Low,55.75,ssp585
TELANGANA,KARIMNAGAR,1285.574473227829,29.202324496375205,51.80975967509437,0.19127177664022763,2040,130.60609822782897,0.991000364065429,0.8919003276588862,73.51837343321445,18.305223643270107,40.227952591829045,57.674451461493554,18.311848102204365,121.30531616480384,48.18820292524568,11.216106166051956,18.51624075243754,0.7456598440222191,1.3886242177751498,2.535739472186606,0.004132891526052406,158.5,44.5,12.2,1.105,0.0,11.31,2,38,18.4046,4.777,13.871295211941131,1.0863124683882193,48.18820292524568,11.216106166051956,18.51624075243754,0.7456598440222191,-43.41120292524568,2.655189045889175,-0.11164075243754112,0.3406526243660002,0.0047061536,0.004082663571929721,-0.007697663,Low,55.25,ssp585
TELANGANA,KHAMMAM,1210.3850110713222,29.43815553188325,55.902006435587644,0.19662924293349293,2040,86.38438607132214,0.2282596374887413,0.2054336737398672,54.14984824372527,18.22925061501039,34.18459117885823,56.969480711520006,14.835850456056473,89.34724960214669,45.864021144234115,13.219704557807292,18.26502103158815,0.9202696170996532,1.4507238268852347,2.6045242454200874,-0.01481359829792996,169.8,50.5,14.5,1.0498,0.011476011,7.69,2,41,18.5243,4.8322,15.315373239049515,1.1799716045631905,45.864021144234115,13.219704557807292,18.26502103158815,0.9202696170996532,-41.031821144234115,2.0956686812422234,0.2592789684118486,0.25970198746353734,-0.011476011,0.004948941872513347,-0.0080418615,Moderate,46.65,ssp585
TELANGANA,KUMURAM BHEEM,1483.5198432993611,29.181070400608927,50.3678543848961,0.20118918017188517,2040,117.90284329936095,0.5102017232271606,0.45918155090444457,94.91902639715917,20.816187322742092,47.043526231156775,65.57282106578107,18.72643069920676,156.6163935553126,52.58458070762259,13.456762397443333,18.235259039061734,1.1019801787339603,1.4445556435320277,2.289197913226637,-0.01735356329074374,157.4,43.9,12.0,1.0531,0.01397712,8.63,2,44,18.3105,4.7505,14.190590386302818,1.1864945657322983,52.58458070762259,13.456762397443333,18.235259039061734,1.1019801787339603,-47.83408070762259,0.7338279888594847,0.07524096093826671,0.08451438699833802,-0.01397712,0.0013296781685092655,-0.007395034,Moderate,45.71,ssp585
TELANGANA,MAHABUBABAD,1229.1849306392453,,,0.17426716795302932,2040,99.1205556392452,0.32242031683978567,0.2901782851558071,58.4460413889169,18.281656199726516,35.29127149157877,57.186021501336725,12.988570886977627,96.43596829171288,48.82163341129015,14.006569910399687,18.184696373659374,1.0387704425226867,,,-0.009190708914961227,33.3,3.6,0.5,1.066,0.005087027,8.77,2,49,18.4718,4.3658,13.218439408579066,1.136436745393053,48.82163341129015,14.006569910399687,18.184696373659374,1.0387704425226867,-44.45583341129015,-0.7881305018206213,0.28710362634062747,0.09766630287036637,-0.005087027,0.004156471548778944,-0.008033927,Low,50.38,ssp585
TELANGANA,MAHBUBNAGAR,898.599246932564,,,0.20748571152249254,2040,37.57699693256398,0.2939475601107221,0.2645528040996499,46.85416819355845,13.173412865250093,26.956520395792488,72.07168818688754,12.268038697930585,77.30937751937144,48.52748642281533,11.16782026830112,18.78257442636954,0.7358423760210774,,,-0.0033320613695694175,33.3,3.6,0.5,1.0429,0.0073622894,4.36,2,50,18.5678,4.3885,10.224101162285718,1.0195564360088656,48.52748642281533,11.16782026830112,18.78257442636954,0.7358423760210774,-44.13898642281533,-0.9437191060154024,-0.2147744263695408,0.2837140599877882,-0.0073622894,0.007742132378776968,-0.009127238,Low,48.6,ssp585
TELANGANA,MANCHERIAL,1438.5240930374216,,,0.2312640195688257,2040,115.43859303742146,0.6397477060520577,0.5757729354468518,88.14031217790827,20.53790698208615,45.23365528164756,58.20040961756747,17.09855554924974,145.43151509354863,50.86267905676425,12.813948672731934,18.361509283999833,1.0114079746531832,,,-0.015448868888136059,33.3,3.6,0.5,1.0569,0.009513646,8.72,2,51,18.3468,4.3363,14.46582923119849,1.1704793258716157,50.86267905676425,12.813948672731934,18.361509283999833,1.0114079746531832,-46.52637905676425,1.6518805584665568,-0.014709283999831513,0.15907135121843252,-0.009513646,0.0013475834194034563,-0.011509534,Low,48.73,ssp585
TELANGANA,MEDAK,1121.9046991201685,,,0.189983962509053,2040,120.6571991201684,0.7299454251711156,0.656950882654004,66.52245344328772,16.649776624876058,31.982284029978274,56.82473992589437,17.752004315027115,109.76204818142473,50.36798017465855,11.17690505686223,18.686932298961082,0.7398071775692641,,,0.00527025142732741,33.3,3.6,0.5,1.1124,0.0,12.05,2,52,18.4505,4.3608,13.370590291234835,1.0822154973995377,50.36798017465855,11.17690505686223,18.686932298961082,0.7398071775692641,-46.00718017465855,2.193685234372605,-0.23643229896108053,0.34240831983027364,0.00016586267,0.008002395584253965,-0.013150308,Low,55.62,ssp585
TELANGANA,MEDCHAL-MALKAJGIRI,1060.2150685688825,28.979258080323557,52.14291082372957,0.17015620524906092,2040,92.67156856888236,1.045930571241001,0.9413375141169009,74.21833514839746,15.14723912743744,33.31964269204542,57.5957929516167,12.377294983027593,122.4602529948558,40.48518904409696,9.243419987628942,18.634780315977796,0.5586671255081782,1.4243652125199844,2.4461303118393616,-0.005519452314148538,147.9,39.2,10.3,1.0781,0.012160192,9.58,2,53,18.4897,4.7764,10.90384149419227,0.913134115166981,40.48518904409696,9.243419987628942,18.634780315977796,0.5586671255081782,-35.70878904409696,1.6604215065633277,-0.14508031597779691,0.35446698965880274,-0.012160192,0.0022889676433006084,-0.006259175,Moderate,46.76,ssp585
TELANGANA,MULUGU,1525.4694379812897,28.899396644698253,53.74896033833045,0.21479492607078052,2040,90.24993798128972,0.2585218394635969,0.23266965551723726,79.42171466530021,22.112101930798847,44.43773606257655,56.62665774800138,17.161699508548324,131.04582919774535,49.37799055532219,16.383430126416453,17.99731450472912,1.3943250213505232,1.4426913128958858,2.372175649419468,-0.02028527995542322,144.1,37.4,9.7,1.0334,0.014676916,6.29,2,54,18.4137,4.7486,14.85219379955222,1.2491948716666172,49.37799055532219,16.383430126416453,17.99731450472912,1.3943250213505232,-44.62939055532219,-1.5312363268642333,0.4163854952708803,-0.14513014968390592,-0.014676916,0.0009885107618640638,0.0114504425,Moderate,44.84,ssp585
TELANGANA,NAGARKURNOOL,901.0129271434375,29.161531567573558,51.80103858584033,0.15822998624689477,2040,32.88467714343744,0.7481707461275185,0.6733536715147668,44.20576406230749,12.330887956817321,26.328527401909035,66.6633879665459,15.59093583780541,72.93951070280735,48.39811931488051,11.612537938408632,18.659221168965487,0.8101196919835429,1.4470164775848502,2.5542248017610873,-0.008821448589841619,156.5,43.5,11.8,1.0322,0.013354965,3.79,2,59,18.5936,4.8219,9.389287763809607,0.9016264032002743,48.39811931488051,11.612537938408632,18.659221168965487,0.8101196919835429,-43.57621931488051,-2.223250174599025,-0.06562116896548886,0.09150671121673137,-0.013354965,0.0007882182193883359,-0.0041241986,Moderate,43.17,ssp585
TELANGANA,NALGONDA,1008.0215558946572,29.996344314681174,54.96854578018846,0.15876570533736092,2040,73.15493089465723,1.1144203812297895,1.0029783431068107,47.4938555137271,14.085962105698208,28.93305607784904,67.97653456616497,18.03634888856659,78.3648615976497,47.393456256887525,10.927968905331769,18.684741484579828,0.7172576310778249,1.4473814831839824,2.5472608223725075,-0.004867661545872499,196.9,67.1,21.3,1.0679,0.011283256,7.83,2,62,18.5533,4.897,13.377693414548887,1.0117951835929822,47.393456256887525,10.927968905331769,18.684741484579828,0.7172576310778249,-42.49645625688753,2.449724509217118,-0.13144148457982752,0.29453755251515723,-0.011283256,0.005027508418846225,-0.0063255024,Moderate,46.29,ssp585
TELANGANA,NARAYANPET,902.3433388445475,29.024224890602966,50.99469671407456,0.22231684697219958,2040,39.588588844547374,0.393767041233221,0.3543903371098989,45.91477346696884,12.888662512770587,26.95357889924903,72.81597712937034,13.886088208552879,75.75937622049858,50.28937370428765,10.589424200435923,18.919493300439,0.6747211245850063,1.4072093698713573,2.092032811340623,-0.010651478138144311,150.0,40.2,10.7,1.0339,0.014161968,4.59,2,65,18.5687,4.8014,10.532473630098233,0.9499464088632167,50.28937370428765,10.589424200435923,18.919493300439,0.6747211245850063,-45.48797370428765,-0.056950570337690465,-0.35079330043900114,0.27522528427821036,-0.014161968,0.003652035523351321,-0.007840491,Moderate,45.32,ssp585
TELANGANA,NIRMAL,1263.3945846995223,,,0.19990173956919888,2040,153.57158469952222,0.33189930944764656,0.2987093785028819,65.4920507463279,16.606828603812943,39.91782773032963,58.13002158609425,16.831907505957968,108.06188373144104,51.008539080426075,11.88931618275201,18.41853243738336,0.9091876397128629,,,-0.006207744702683805,33.3,3.6,0.5,1.1053,0.001959275,13.84,2,68,18.3345,4.3334,14.376598901256159,1.1644489059264012,51.008539080426075,11.88931618275201,18.41853243738336,0.9091876397128629,-46.67513908042608,2.487282718504149,-0.0840324373833603,0.2552612662135383,-0.001959275,0.004222009484254161,-0.012278125,Low,54.28,ssp585
TELANGANA,NIZAMABAD,1229.0739365884926,28.76482515864903,50.95005622088198,0.2422307887458932,2040,158.34356158849255,0.4684412981745723,0.42159716835711514,57.595694534954774,17.24129063881362,37.37578821561192,57.17671291207334,17.70504934372856,95.03289598267537,49.72892084583752,11.176704269361393,18.59907161341106,0.8105745083099146,1.4325368338161126,2.435204190015277,-0.0013513282616651918,137.8,34.6,8.7,1.1166,0.0,14.79,2,69,18.3721,4.7242,13.673873678065135,1.101748268469197,49.72892084583752,11.176704269361393,18.59907161341106,0.8105745083099146,-45.004720845837525,2.4971694087037424,-0.22697161341105954,0.2911737601592824,0.00033959877,0.005702577070296244,-0.007561589,Low,55.83,ssp585
TELANGANA,PEDDAPALLI,1366.2057955672374,29.202324496375205,51.80975967509437,0.254062002877471,2040,123.39554556723716,0.5057606804767905,0.4551846124291114,79.38708949799455,19.23620326957919,42.05607497398366,57.944549832790756,14.435549777532035,130.988697671691,49.082694084852044,11.261508071446281,18.48643417328557,0.7770065727579366,1.3886242177751498,2.535739472186606,-0.007105571148033164,158.5,44.5,12.2,1.0751,0.00027379332,9.93,2,74,18.3828,4.7714,14.451600366886645,1.1443390708853132,49.082694084852044,11.261508071446281,18.48643417328557,0.7770065727579366,-44.311294084852044,3.1900922954403637,-0.10363417328557034,0.36733249812737656,-0.00027379332,0.0005907983579928767,-0.007215586,Low,53.65,ssp585
TELANGANA,RAJANNA SIRCILLA,1222.9444622315905,,,0.209074310334688,2040,150.0828372315904,1.1905552701537394,1.0714997431383655,65.52687225177743,16.31672752634544,40.024016301330775,52.724203751886165,13.373542441404684,108.11933921543276,51.037776260456276,11.490226812153901,18.589481654630053,0.8032667329657706,,,0.007790473064446784,33.3,3.6,0.5,1.1274,0.0,13.99,2,79,18.3998,4.3488,13.89531973367298,1.1046914761512294,51.037776260456276,11.490226812153901,18.589481654630053,0.8032667329657706,-46.68897626045628,2.4050929215190795,-0.1896816546300535,0.30142474318545887,0.005010615,0.007942119527022005,-0.012994038,Low,56.37,ssp585
TELANGANA,RANGA REDDY,976.247836653159,28.979258080323557,52.14291082372957,0.16782061877552631,2040,61.83158665315886,0.7610753137796373,0.6849677824016737,53.16004948037525,14.052566426763331,29.171087452440723,67.31126914048258,16.25889379071304,87.71408164261916,48.09370601477701,10.919471041592473,18.657046197967457,0.6587402865180753,1.4243652125199844,2.4461303118393616,-0.006738368179407723,147.9,39.2,10.3,1.0564,0.012962085,6.76,2,80,18.5276,4.7861,10.436755432151289,0.9334520674576544,48.09370601477701,10.919471041592473,18.657046197967457,0.6587402865180753,-43.307606014777015,-0.4827156094411844,-0.12944619796745727,0.27471178093957915,-0.012962085,0.003627643334246817,-0.005698756,Moderate,45.1,ssp585
TELANGANA,SANGAREDDY,1105.4771536327603,28.724388612641246,51.14784197725148,0.20936800183573587,2040,107.75515363276024,0.42937478657728,0.38643730791955205,64.28690247286035,15.837248070317317,31.109804196749288,62.551247264813966,18.03752213661321,106.07338908021957,49.73259196607918,10.514711945690733,18.554077739106262,0.6488734900883175,1.4341492387983699,2.1752040076047336,-0.0029654883157907604,136.0,33.8,8.5,1.0884,0.006027183,10.8,2,85,18.4586,4.7423,13.016693164958259,0.9814968644766847,49.73259196607918,10.514711945690733,18.554077739106262,0.6488734900883175,-44.99029196607918,2.5019812192675257,-0.09547773910626134,0.3326233743883672,-0.006027183,0.005035101419013345,-0.0072801416,Low,51.54,ssp585
TELANGANA,SIDDIPET,1156.4391568092349,,,0.1710617848903108,2040,119.46915680923475,1.1872897460339265,1.0685607714305339,63.27914426982993,17.141375945210505,34.830225614237754,57.34504241337853,13.485052882681305,104.41058804521937,49.7484700150744,11.47259181260004,18.56132457733877,0.7568271718469962,,,0.008224269286852392,33.3,3.6,0.5,1.1179,0.0,11.52,2,91,18.444,4.3593,11.550894058962948,1.087946565399919,49.7484700150744,11.47259181260004,18.56132457733877,0.7568271718469962,-45.389170015074406,0.07830224636290772,-0.11732457733877055,0.33111939355292275,0.000718018,0.008892509674521192,-0.0115475645,Low,55.9,ssp585
TELANGANA,SURYAPET,1080.537169444404,29.608038663864146,52.91603627884498,0.1808745816654395,2040,94.00216944440396,0.3465764211944654,0.31191877907501886,47.64847912869931,15.39505081830929,31.15371185556623,67.5145268112767,15.68676301041275,78.61999056235385,47.1759571783446,11.815465101333118,18.510552287804913,0.7638068191741694,1.4101129571596906,2.535000503082344,0.000833926087972902,178.0,55.2,16.4,1.0881,0.0032075127,9.53,2,97,18.5327,4.8518,12.560268100978512,1.039890844563898,47.1759571783446,11.815465101333118,18.510552287804913,0.7638068191741694,-42.324157178344606,0.744802999645394,0.02214771219508549,0.27608402538972854,-0.0032075127,0.006929868503122929,-0.007374416,Low,52.63,ssp585
TELANGANA,VIKARABAD,1005.4425428881922,28.724388612641246,51.14784197725148,0.23992030020059246,2040,64.26329288819204,0.3323312151722832,0.2990980936550549,56.8482099916848,13.87791267265613,30.276914026879385,68.95878942936456,14.491373484102809,93.79954648627991,50.54301871792256,11.065087875885146,18.60694091283642,0.6867705444170693,1.4341492387983699,2.1752040076047336,-0.00969960020981871,136.0,33.8,8.5,1.0506,0.012273478,6.83,2,100,18.5174,4.7574,12.668753295180553,0.9959736794537923,50.54301871792256,11.065087875885146,18.60694091283642,0.6867705444170693,-45.78561871792256,1.6036654192954067,-0.08954091283642285,0.30920313503672303,-0.012273478,0.0037959558834773006,-0.0075054527,Moderate,47.41,ssp585
TELANGANA,WANAPARTHY,856.7487680177904,,,0.2150111831141077,2040,19.39026801779038,0.41502904175522,0.373526137579698,48.108212768117504,11.641186971390072,24.831216988960968,66.98773652203107,13.031302236990298,79.37855106739387,47.34937809659592,10.547031692992727,18.878434596458423,0.6878490611148234,,,-0.009842078470597971,33.3,3.6,0.5,1.0191,0.011448582,2.32,2,101,18.6054,4.3974,10.44082293384042,0.9681340775529704,47.34937809659592,10.547031692992727,18.878434596458423,0.6878490611148234,-42.95197809659592,-0.10620875915230599,-0.2730345964584231,0.28028501643814707,-0.011448582,0.0014435339656831607,-0.011759348,Moderate,45.63,ssp585
TELANGANA,WARANGAL,1228.4296855539758,,,0.17731463458254745,2040,106.09418555397572,0.6465403279672818,0.5818862951705536,64.30781829591443,18.57128272751092,36.40048054620044,60.852035093366254,12.238021996079276,106.10790018825881,47.74977436362467,11.954315177941208,18.235046749840787,0.7992583953882516,,,-0.006746680889699198,33.3,3.6,0.5,1.0747,0.0058271186,9.45,2,102,18.4578,4.3625,12.848040245510111,1.1135022031749198,47.74977436362467,11.954315177941208,18.235046749840787,0.7992583953882516,-43.38727436362467,0.8937250675689032,0.22275325015921155,0.31424380778666816,-0.0058271186,0.004206259284170758,-0.011158913,Low,50.45,ssp585
TELANGANA,YADADRI BHUVANAGIRI,1064.973797012084,,,0.16504700694523167,2040,96.84179701208396,1.2986950107786597,1.1688255097007938,62.2689961712565,14.897958017144298,31.1775964820974,63.03007006152797,14.701451483360486,102.74384368257321,48.808744747893826,11.398459691020335,18.602514346963904,0.7129282781846995,,,0.0001387385236597087,33.3,3.6,0.5,1.0921,0.0045892014,10.0,2,105,18.4999,4.3725,11.414336337389274,1.034127402237359,48.808744747893826,11.398459691020335,18.602514346963904,0.7129282781846995,-44.436244747893824,0.015876646368939262,-0.10261434696390381,0.3211991240526595,-0.0045892014,0.005791646420627511,-0.010501038,Low,51.82,ssp585
