state,district,scenario,year,overall_risk_score,overall_risk_class,climate_confidence_score,flood_hazard_score,flood_hazard_class,drought_hazard_score,drought_hazard_class,ag_stress_score,ag_stress_class,water_availability_index,annual_rainfall_change_pct,temperature_anomaly,soil_moisture_deficit,water_security_index,heat_stress_days_35,cdd,cwd,extreme_rainfall_change_pct
BIHAR,ARARIA,ssp245,2030,16.94,Low Risk,,46.84,Moderate,1.55,Low,0.0,Low,1.0457,7.27,0.5181666923893999,0.0,52.28,7.9,63.13064481574015,31.931729026373088,7.27
BIHAR,ARWAL,ssp245,2030,22.76,Low Risk,,24.37,Low,40.67,Moderate,0.0,Low,1.0104,1.87,,0.0,50.52,33.3,67.51468502289623,23.898589074799148,1.87
BIHAR,AURANGABAD,ssp245,2030,28.47,Moderate Risk,,29.28,Moderate,52.05,High,0.0,Low,0.9936,0.32,0.3069482326507682,0.0,49.68,48.1,65.02455720124132,30.01157588512413,0.32
BIHAR,BANKA,ssp245,2030,9.72,Low Risk,,24.42,Low,3.36,Low,0.0,Low,1.0096,3.0,,0.0,50.48,33.3,69.91908839453859,14.100075138061964,3.0
BIHAR,BEGUSARAI,ssp245,2030,7.75,Low Risk,,19.91,Low,2.22,Low,0.0,Low,1.0435,5.86,0.46674465272162635,0.0,52.18,65.8,65.66135643721995,18.655202246510818,5.86
BIHAR,BHAGALPUR,ssp245,2030,10.1,Low Risk,,27.23,Moderate,1.63,Low,0.0,Low,1.028,4.1,0.5568997244040297,0.0,51.4,68.5,63.456275070293415,20.843210692047357,4.1
BIHAR,BHOJPUR,ssp245,2030,12.36,Low Risk,,13.86,Low,21.46,Low,0.0,Low,1.011,1.57,0.2960068563620375,0.0,50.55,50.2,75.56932034360834,17.61418585727221,1.57
BIHAR,BUXAR,ssp245,2030,6.44,Low Risk,,14.76,Low,3.65,Low,0.0,Low,0.999,0.35,,0.0,49.95,33.3,70.97649170297416,22.092499479389375,0.35
BIHAR,DARBHANGA,ssp245,2030,10.77,Low Risk,,26.29,Moderate,4.49,Low,0.0,Low,1.0337,6.08,,0.0,51.68,33.3,74.13148214192881,18.66522801327391,6.08
BIHAR,GAYA,ssp245,2030,25.12,Moderate Risk,,20.27,Low,51.49,High,0.0,Low,1.0089,1.89,0.3069482326507682,0.0,50.44,48.1,62.91035508296582,20.90461994669357,1.89
BIHAR,GOPALGANJ,ssp245,2030,9.12,Low Risk,,21.77,Low,4.3,Low,0.0,Low,1.011,1.6,0.332389730215084,0.0,50.55,48.1,73.42903522299414,14.256967313341462,1.6
BIHAR,JAMUI,ssp245,2030,8.36,Low Risk,,22.72,Low,1.16,Low,0.0,Low,1.0147,3.45,0.4589224470986224,0.0,50.74,70.4,61.68766010610575,13.721234513830499,3.45
BIHAR,JEHANABAD,ssp245,2030,23.43,Low Risk,,18.96,Low,47.97,Moderate,0.0,Low,1.022,3.15,,0.0,51.1,33.3,64.7272207152252,15.512160329429676,3.15
BIHAR,KAIMUR (BHABUA),ssp245,2030,9.93,Low Risk,,25.77,Moderate,2.59,Low,0.0,Low,0.9886,-0.59,,0.0,49.43,33.3,67.0465242406409,28.522240643985228,-0.59
BIHAR,KATIHAR,ssp245,2030,10.19,Low Risk,,27.88,Moderate,1.24,Low,0.0,Low,1.0152,3.04,0.5568997244040297,0.0,50.76,68.5,61.99068908968155,20.512010663102224,3.04
BIHAR,KHAGARIA,ssp245,2030,10.55,Low Risk,,28.01,Moderate,2.13,Low,0.0,Low,1.0345,5.53,0.46674465272162635,0.0,51.72,65.8,65.31345514635883,19.05285032310052,5.53
BIHAR,KISHANGANJ,ssp245,2030,21.74,Low Risk,,60.49,High,1.63,Low,0.0,Low,1.0251,5.25,,0.0,51.26,33.3,63.44299684844337,32.022490589169365,5.25
BIHAR,LAKHISARAI,ssp245,2030,8.61,Low Risk,,23.19,Low,1.4,Low,0.0,Low,1.0401,5.59,,0.0,52.0,33.3,62.56951512805465,17.593536133254553,5.59
BIHAR,MADHEPURA,ssp245,2030,9.51,Low Risk,,25.12,Moderate,2.05,Low,0.0,Low,1.0258,5.11,,0.0,51.29,33.3,64.99340542558531,16.83732084603177,5.11
BIHAR,MADHUBANI,ssp245,2030,12.94,Low Risk,,32.73,Moderate,4.23,Low,0.0,Low,1.0357,6.52,0.39544289443228564,0.0,51.78,53.6,73.1670761614296,21.759309994799736,6.52
BIHAR,MUNGER,ssp245,2030,11.58,Low Risk,,31.38,Moderate,1.72,Low,0.0,Low,1.0331,4.93,,0.0,51.65,33.3,63.76641540188903,20.391183321566533,4.93
BIHAR,MUZAFFARPUR,ssp245,2030,8.92,Low Risk,,22.39,Low,3.1,Low,0.0,Low,1.0383,4.65,,0.0,51.92,33.3,68.94579044644352,16.158084987768788,4.65
BIHAR,NALANDA,ssp245,2030,13.01,Low Risk,,14.35,Low,22.81,Low,0.0,Low,1.0377,5.32,,0.0,51.89,33.3,66.33050449381912,18.006626864144035,5.32
BIHAR,NAWADA,ssp245,2030,16.29,Low Risk,,17.7,Low,28.84,Moderate,0.0,Low,1.0247,3.79,,0.0,51.24,33.3,62.922447283695455,15.086031089166097,3.79
BIHAR,PASHCHIM CHAMPARAN,ssp245,2030,14.31,Low Risk,,37.72,Moderate,3.18,Low,0.0,Low,1.021,3.29,0.37468074229029824,0.0,51.05,47.4,69.21964989965616,19.820951951940803,3.29
BIHAR,PATNA,ssp245,2030,6.49,Low Risk,,14.15,Low,4.4,Low,0.0,Low,1.0338,4.77,0.33012252516218155,0.0,51.69,55.9,73.79706894651127,19.287980984617437,4.77
BIHAR,PURBA CHAMPARAN,ssp245,2030,10.01,Low Risk,,25.09,Moderate,3.5,Low,0.0,Low,1.0183,3.07,0.332389730215084,0.0,50.92,48.1,70.42063927676732,16.840804048937436,3.07
BIHAR,PURNIA,ssp245,2030,12.7,Low Risk,,35.79,Moderate,0.51,Low,0.0,Low,1.0256,4.5,0.5568997244040297,0.0,51.28,68.5,59.26249901397648,27.241336315991475,4.5
BIHAR,ROHTAS,ssp245,2030,26.61,Moderate Risk,,26.84,Moderate,49.2,Moderate,0.0,Low,0.993,-0.13,,0.0,49.65,33.3,66.41461690091506,32.1474329977239,-0.13
BIHAR,SAHARSA,ssp245,2030,10.46,Low Risk,,27.91,Moderate,1.99,Low,0.0,Low,1.0279,5.74,,0.0,51.4,33.3,64.80148621834631,17.557715694667188,5.74
BIHAR,SAMASTIPUR,ssp245,2030,8.28,Low Risk,,21.6,Low,2.07,Low,0.0,Low,1.0449,5.93,,0.0,52.24,33.3,65.08135901031824,18.253569967648225,5.93
BIHAR,SARAN,ssp245,2030,7.2,Low Risk,,16.45,Low,4.13,Low,0.0,Low,1.0231,2.63,,0.0,51.15,33.3,72.7916904936433,14.491004962244268,2.63
BIHAR,SHEIKHPURA,ssp245,2030,6.96,Low Risk,,17.79,Low,2.1,Low,0.0,Low,1.0395,5.79,,0.0,51.98,33.3,65.18016460061911,19.263588090023532,5.79
BIHAR,SHEOHAR,ssp245,2030,9.69,Low Risk,,23.3,Low,4.38,Low,0.0,Low,1.0274,4.09,,0.0,51.37,33.3,73.70599281652741,13.023960424200373,4.09
BIHAR,SITAMARHI,ssp245,2030,10.32,Low Risk,,25.62,Moderate,3.87,Low,0.0,Low,1.0302,5.17,0.43734985060162757,0.0,51.51,58.7,71.80459593566475,17.16873053547424,5.17
BIHAR,SIWAN,ssp245,2030,8.39,Low Risk,,19.44,Low,4.52,Low,0.0,Low,1.0098,1.39,,0.0,50.49,33.3,74.24362367348724,14.486358203146985,1.39
BIHAR,SUPAUL,ssp245,2030,15.79,Low Risk,,40.57,Moderate,4.54,Low,0.0,Low,1.0432,7.03,0.39544289443228564,0.0,52.16,53.6,74.30850477168295,26.170039760043085,7.03
BIHAR,VAISHALI,ssp245,2030,5.42,Low Risk,,12.7,Low,2.8,Low,0.0,Low,1.0579,5.64,0.33012252516218155,0.0,52.9,55.9,67.82068607822984,12.952761819918535,5.64
MAHARASHTRA,AHILYANAGAR,ssp245,2030,10.34,Low Risk,,22.24,Low,7.3,Low,0.0,Low,1.0362,4.32,0.24739622871081934,0.0,51.81,69.4,84.65534449224263,18.017533281069042,4.32
MAHARASHTRA,AKOLA,ssp245,2030,15.16,Low Risk,,37.6,Moderate,5.7,Low,0.0,Low,1.0509,5.76,0.25671276582612634,0.0,52.54,101.6,78.64075752392327,17.35602098145568,5.76
MAHARASHTRA,AMRAVATI,ssp245,2030,15.99,Low Risk,,41.8,Moderate,3.88,Low,0.0,Low,1.0539,6.51,0.2620101286305321,0.0,52.7,73.9,71.84204663437593,21.216866004981817,6.51
MAHARASHTRA,BEED,ssp245,2030,16.67,Low Risk,,6.75,Low,40.88,Moderate,0.0,Low,1.0327,3.66,,0.0,51.64,33.3,70.12146436801007,16.24783155948713,3.66
MAHARASHTRA,BHANDARA,ssp245,2030,15.36,Low Risk,,42.96,Moderate,0.94,Low,0.0,Low,1.0442,5.45,0.2647395908832557,0.0,52.21,56.1,60.84599198546944,15.65232186795473,5.45
MAHARASHTRA,BULDHANA,ssp245,2030,12.7,Low Risk,,29.79,Moderate,6.5,Low,0.0,Low,1.0362,3.97,0.28708645171590774,0.0,51.81,103.5,81.66071375519918,17.423234503008654,3.97
MAHARASHTRA,CHANDRAPUR,ssp245,2030,13.74,Low Risk,,37.23,Moderate,2.03,Low,0.0,Low,1.0443,5.93,0.22485154006216135,0.0,52.22,113.7,64.91920457214331,17.463739349845085,5.93
MAHARASHTRA,CHHATRAPATI SAMBHAJI NAGAR,ssp245,2030,9.47,Low Risk,,18.34,Low,8.72,Low,0.0,Low,1.0294,3.05,0.2599188599321671,0.0,51.47,86.8,89.93744870231637,16.45820723224487,3.05
MAHARASHTRA,DHARASHIV,ssp245,2030,20.14,Low Risk,,4.41,Low,53.12,High,0.0,Low,1.0479,5.74,0.18486861189208526,0.0,52.4,88.6,68.99246102648749,15.383365720408605,5.74
MAHARASHTRA,DHULE,ssp245,2030,10.94,Low Risk,,24.81,Low,6.44,Low,0.0,Low,1.0536,6.87,0.20527738134067164,0.0,52.68,94.9,81.40613391197667,16.883148537693643,6.87
MAHARASHTRA,GADCHIROLI,ssp245,2030,14.31,Low Risk,,39.74,Moderate,1.14,Low,0.0,Low,1.0184,2.93,0.3022818942864838,0.0,50.92,101.0,61.6253136607447,20.301438391481135,2.93
MAHARASHTRA,GONDIA,ssp245,2030,14.47,Low Risk,,40.76,Moderate,0.58,Low,0.0,Low,1.0343,4.55,0.2917816784647016,0.0,51.72,72.7,59.50060419252874,14.93807744064867,4.55
MAHARASHTRA,HINGOLI,ssp245,2030,26.83,Moderate Risk,,22.64,Low,54.02,High,0.0,Low,1.0455,4.5,,0.0,52.28,33.3,81.11751344322899,17.84654522712995,4.5
MAHARASHTRA,JALGAON,ssp245,2030,11.92,Low Risk,,28.32,Moderate,5.75,Low,0.0,Low,1.0399,4.67,0.3006426241662723,0.0,52.0,89.8,78.83894226675517,17.75753508149156,4.67
MAHARASHTRA,JALNA,ssp245,2030,10.1,Low Risk,,22.57,Low,6.29,Low,0.0,Low,1.0264,2.46,0.2804320534070328,0.0,51.32,101.7,80.8684732839947,18.907049562605025,2.46
MAHARASHTRA,KOLHAPUR,ssp245,2030,23.89,Low Risk,,63.32,High,4.93,Low,0.0,Low,1.0347,5.28,0.2825651446978341,0.0,51.74,79.4,75.77344913979084,33.37801405814233,5.28
MAHARASHTRA,LATUR,ssp245,2030,22.3,Low Risk,,11.3,Low,52.41,High,0.0,Low,1.0604,7.24,0.1791942232185022,0.0,53.02,103.1,66.34888966691219,15.868190568103822,7.24
MAHARASHTRA,MUMBAI,ssp245,2030,37.38,Moderate Risk,,96.8,Very High,10.0,Low,0.0,Low,1.0317,4.29,,0.0,51.58,33.3,134.9732203084416,29.5760237219733,4.29
MAHARASHTRA,MUMBAI SUBURBAN,ssp245,2030,38.1,Moderate Risk,,98.86,Very High,10.0,Low,0.0,Low,1.0363,4.87,,0.0,51.82,33.3,119.0876050858903,31.687653189657233,4.87
MAHARASHTRA,NAGPUR,ssp245,2030,14.36,Low Risk,,40.08,Moderate,0.95,Low,0.0,Low,1.0543,6.89,0.24269749522210304,0.0,52.72,57.4,60.89632525692667,20.633382075620656,6.89
MAHARASHTRA,NANDED,ssp245,2030,23.88,Low Risk,,15.58,Low,52.64,High,0.0,Low,1.0759,9.05,0.2173791607221105,0.0,53.8,112.8,67.22607552378747,19.22954024994233,9.05
MAHARASHTRA,NANDURBAR,ssp245,2030,14.56,Low Risk,,33.22,Moderate,8.39,Low,0.0,Low,1.0613,7.98,0.20527738134067164,0.0,53.06,94.9,88.72246257002115,18.81882620378272,7.98
MAHARASHTRA,NASHIK,ssp245,2030,18.99,Low Risk,,44.48,Moderate,9.78,Low,0.0,Low,1.0521,6.85,0.26209173401197106,0.0,52.6,96.6,93.90722182928087,21.94760658989172,6.85
MAHARASHTRA,PALGHAR,ssp245,2030,38.24,Moderate Risk,,99.27,Very High,10.0,Low,0.0,Low,1.0478,6.74,0.30098981128799096,0.0,52.39,83.1,122.08637451919031,34.32169678490172,6.74
MAHARASHTRA,PARBHANI,ssp245,2030,18.99,Low Risk,,14.79,Low,39.48,Moderate,0.0,Low,1.0419,4.4,0.27377770808008606,0.0,52.1,99.9,66.43179430761619,18.080294730871508,4.4
MAHARASHTRA,PUNE,ssp245,2030,16.1,Low Risk,,37.86,Moderate,8.13,Low,0.0,Low,1.0338,4.83,0.3150857104195772,0.0,51.69,65.1,87.75058127360653,21.72467804595561,4.83
MAHARASHTRA,RAIGAD,ssp245,2030,37.71,Moderate Risk,,97.74,Very High,10.0,Low,0.0,Low,1.0321,4.66,0.33521348701584586,0.0,51.6,73.6,105.3041569982667,34.50854337974067,4.66
MAHARASHTRA,RATNAGIRI,ssp245,2030,38.44,Moderate Risk,,99.82,Very High,10.0,Low,0.0,Low,1.0323,5.15,0.32785154183705956,0.0,51.62,84.7,105.99135518943127,41.25678167193998,5.15
MAHARASHTRA,SANGLI,ssp245,2030,8.67,Low Risk,,17.04,Low,7.74,Low,0.0,Low,1.0362,5.01,0.2843440453211592,0.0,51.81,71.4,74.90628688742608,20.037991924650004,5.01
MAHARASHTRA,SATARA,ssp245,2030,18.07,Low Risk,,44.48,Moderate,7.15,Low,0.0,Low,1.0351,5.14,0.3314131809605563,0.0,51.76,56.6,84.09817839650302,24.780340663083685,5.14
MAHARASHTRA,SINDHUDURG,ssp245,2030,37.2,Moderate Risk,,98.22,Very High,8.06,Low,0.0,Low,1.0341,5.48,0.310854793919475,0.0,51.7,106.0,87.4860334789753,48.16422855558628,5.48
MAHARASHTRA,SOLAPUR,ssp245,2030,19.8,Low Risk,,3.07,Low,53.51,High,0.0,Low,1.0372,4.75,0.21390890876453028,0.0,51.86,81.7,70.46513726519326,15.480053678713649,4.75
MAHARASHTRA,THANE,ssp245,2030,37.14,Moderate Risk,,96.43,Very High,9.69,Low,0.0,Low,1.0424,5.82,0.30098981128799096,0.0,52.12,83.1,93.58035524526974,29.779397950885976,5.82
MAHARASHTRA,WARDHA,ssp245,2030,14.9,Low Risk,,39.8,Moderate,2.78,Low,0.0,Low,1.0631,7.7,0.22330648501716155,0.0,53.15,122.0,67.73268397793368,18.72669620563579,7.7
MAHARASHTRA,WASHIM,ssp245,2030,13.23,Low Risk,,33.24,Moderate,4.55,Low,0.0,Low,1.0464,4.84,0.25671276582612634,0.0,52.32,101.6,74.36041475898688,18.040225351003517,4.84
MAHARASHTRA,YAVATMAL,ssp245,2030,23.01,Low Risk,,31.32,Moderate,34.42,Moderate,0.0,Low,1.0673,7.98,0.21313343577916655,0.0,53.36,117.4,71.38865087209177,19.14137525376551,7.98
TELANGANA,ADILABAD,ssp245,2030,27.91,Moderate Risk,,27.87,Moderate,51.87,High,0.0,Low,1.0777,9.67,0.1754068215688278,0.0,53.89,127.8,64.32171208192085,15.189448707435616,9.67
TELANGANA,BHADRADRI KOTHAGUDEM,ssp245,2030,8.15,Low Risk,,21.08,Low,2.2,Low,0.0,Low,1.0196,2.91,0.25072382688523476,0.0,50.98,145.9,65.58676779487448,18.663528531363546,2.91
TELANGANA,HANUMAKONDA,ssp245,2030,6.49,Low Risk,,18.43,Low,0.1,Low,0.0,Low,1.0779,7.84,,0.0,53.9,33.3,57.708738033059284,12.071644194694365,7.84
TELANGANA,HYDERABAD,ssp245,2030,23.44,Low Risk,,15.0,Low,51.98,High,0.0,Low,1.0553,5.55,,0.0,52.76,33.3,64.73665038551188,10.413809719278268,5.55
TELANGANA,JAGTIAL,ssp245,2030,8.06,Low Risk,,22.86,Low,0.17,Low,0.0,Low,1.0892,9.72,,0.0,54.46,33.3,57.990003418164235,13.648111036745128,9.72
TELANGANA,JANGAON,ssp245,2030,4.71,Low Risk,,12.16,Low,1.31,Low,0.0,Low,1.0977,8.3,0.2101129571596907,0.0,54.88,154.0,62.24562271928389,13.295191284247872,8.3
TELANGANA,JAYASHANKAR BHUPALPALLI,ssp245,2030,12.29,Low Risk,,35.08,Moderate,0.04,Low,0.0,Low,1.0393,5.11,,0.0,51.96,33.3,57.51012743603269,17.950785348607607,5.11
TELANGANA,JOGULAMBA GADWAL,ssp245,2030,6.13,Low Risk,,0.1,Low,17.41,Low,0.0,Low,1.0009,-0.28,,0.0,50.04,33.3,70.45543440675698,11.982904062252945,-0.28
TELANGANA,KAMAREDDY,ssp245,2030,24.57,Low Risk,,18.58,Low,51.61,High,0.0,Low,1.1058,11.18,0.23253683381611268,0.0,55.29,115.4,63.37852894412521,18.340309424948988,11.18
TELANGANA,KARIMNAGAR,ssp245,2030,9.55,Low Risk,,26.9,Moderate,0.38,Low,0.0,Low,1.0966,8.63,0.18862421777514982,0.0,54.83,135.0,58.75709034554391,17.853562707502803,8.63
TELANGANA,KHAMMAM,ssp245,2030,3.81,Low Risk,,10.71,Low,0.17,Low,0.0,Low,1.041,5.1,0.25072382688523476,0.0,52.05,145.9,57.99021336394362,14.638525630503544,5.1
TELANGANA,KUMURAM BHEEM,ssp245,2030,16.01,Low Risk,,43.31,Moderate,2.43,Low,0.0,Low,1.044,6.02,0.24455564353202774,0.0,52.2,134.0,66.42038333389084,18.35547780522647,6.02
TELANGANA,MAHABUBABAD,ssp245,2030,4.25,Low Risk,,11.96,Low,0.18,Low,0.0,Low,1.0573,6.16,,0.0,52.86,33.3,58.024865001099535,12.880190856572614,6.16
TELANGANA,MAHBUBNAGAR,ssp245,2030,18.94,Low Risk,,0.0,Low,54.12,High,0.0,Low,1.0352,1.86,,0.0,51.76,33.3,72.74903467283873,12.113958030893357,1.86
TELANGANA,MANCHERIAL,ssp245,2030,13.36,Low Risk,,37.65,Moderate,0.51,Low,0.0,Low,1.0479,6.11,,0.0,52.4,33.3,59.26369788907764,16.76948061234979,6.11
TELANGANA,MEDAK,ssp245,2030,23.9,Low Risk,,18.19,Low,50.1,High,0.0,Low,1.1039,9.36,,0.0,55.2,33.3,57.73003948270395,17.304523514791068,9.36
TELANGANA,MEDCHAL-MALKAJGIRI,ssp245,2030,23.4,Low Risk,,16.65,Low,50.21,High,0.0,Low,1.0695,6.94,0.22436521251998442,0.0,53.47,124.8,58.11947573491578,12.273533741830416,6.94
TELANGANA,MULUGU,ssp245,2030,11.65,Low Risk,,33.17,Moderate,0.11,Low,0.0,Low,1.0247,3.73,0.24269131289588586,0.0,51.24,121.3,57.74335149176395,16.943630240413857,3.73
TELANGANA,NAGARKURNOOL,ssp245,2030,2.04,Low Risk,,3.2,Low,2.62,Low,0.0,Low,1.0244,1.29,0.24701647758485024,0.0,51.22,133.1,67.1320798065352,15.613371651290997,1.29
TELANGANA,NALGONDA,ssp245,2030,3.21,Low Risk,,6.05,Low,3.12,Low,0.0,Low,1.0596,5.23,0.24738148318398245,0.0,52.98,172.6,69.01940850326457,17.85869272913494,5.23
TELANGANA,NARAYANPET,ssp245,2030,19.37,Low Risk,,0.98,Low,54.37,High,0.0,Low,1.0258,2.07,0.2072093698713573,0.0,51.29,126.9,73.67017985125563,13.332103840470337,2.07
TELANGANA,NIRMAL,ssp245,2030,24.58,Low Risk,,19.62,Low,50.61,High,0.0,Low,1.0959,11.1,,0.0,54.8,33.3,59.612216098543826,16.444912720046265,11.1
TELANGANA,NIZAMABAD,ssp245,2030,16.31,Low Risk,,15.82,Low,30.77,Moderate,0.0,Low,1.1072,12.03,0.23253683381611268,0.0,55.36,115.4,58.286593333847584,17.270289536384823,12.03
TELANGANA,PEDDAPALLI,ssp245,2030,9.97,Low Risk,,28.02,Moderate,0.47,Low,0.0,Low,1.0663,7.29,0.18862421777514982,0.0,53.32,135.0,59.09043705635137,14.153286508227552,7.29
TELANGANA,RAJANNA SIRCILLA,ssp245,2030,5.73,Low Risk,,16.38,Low,0.0,Low,0.0,Low,1.1186,11.25,,0.0,55.93,33.3,53.65967008688832,13.128982296650442,11.25
TELANGANA,RANGA REDDY,ssp245,2030,16.69,Low Risk,,6.99,Low,40.69,Moderate,0.0,Low,1.0481,4.2,0.22436521251998442,0.0,52.4,124.8,67.99965066403423,16.11319114076013,4.2
TELANGANA,SANGAREDDY,ssp245,2030,23.76,Low Risk,,16.4,Low,51.49,High,0.0,Low,1.0796,8.14,0.2341492387983699,0.0,53.98,113.7,62.90853051745841,17.6583470733741,8.14
TELANGANA,SIDDIPET,ssp245,2030,5.02,Low Risk,,14.14,Low,0.21,Low,0.0,Low,1.1098,8.84,,0.0,55.49,33.3,58.137334586716825,13.31401502651934,8.84
TELANGANA,SURYAPET,ssp245,2030,2.93,Low Risk,,5.31,Low,3.06,Low,0.0,Low,1.0798,6.9,0.2101129571596907,0.0,53.99,154.0,68.78848156683709,15.4624586266387,6.9
TELANGANA,VIKARABAD,ssp245,2030,21.33,Low Risk,,7.49,Low,53.44,High,0.0,Low,1.0421,4.26,0.2341492387983699,0.0,52.1,113.7,70.19660693604666,14.3065689303108,4.26
TELANGANA,WANAPARTHY,ssp245,2030,15.26,Low Risk,,1.15,Low,42.46,Moderate,0.0,Low,1.0114,-0.14,,0.0,50.57,33.3,68.461186168186,12.998055293817869,-0.14
TELANGANA,WARANGAL,ssp245,2030,5.77,Low Risk,,15.34,Low,1.14,Low,0.0,Low,1.066,6.82,,0.0,53.3,33.3,61.58905227781539,12.136980834705435,6.82
TELANGANA,YADADRI BHUVANAGIRI,ssp245,2030,4.82,Low Risk,,11.93,Low,1.84,Low,0.0,Low,1.0837,7.36,,0.0,54.18,33.3,64.21170539304552,14.747329396843803,7.36
BIHAR,ARARIA,ssp245,2035,17.3,Low Risk,,47.87,Moderate,1.56,Low,0.0,Low,1.05045,8.59,0.7681666923893999,0.0,52.52,9.8,63.177089115804904,32.39622305392205,8.59
BIHAR,ARWAL,ssp245,2035,9.52,Low Risk,,24.59,Low,2.61,Low,0.0,Low,1.0146,3.125,,0.0,50.73,33.3,67.10596287687349,23.746963827668186,3.125
BIHAR,AURANGABAD,ssp245,2035,11.09,Low Risk,,29.73,Moderate,1.95,Low,0.0,Low,0.9978,1.555,0.5569482326507682,0.0,49.89,55.2,64.63187140363249,30.056832346903114,1.555
BIHAR,BANKA,ssp245,2035,9.97,Low Risk,,24.94,Low,3.54,Low,0.0,Low,1.0140500000000001,4.27,,0.0,50.7,33.3,70.5715150899434,14.300809567186002,4.27
BIHAR,BEGUSARAI,ssp245,2035,7.79,Low Risk,,20.06,Low,2.19,Low,0.0,Low,1.048,7.165000000000001,0.7167446527216264,0.0,52.4,74.4,65.53037577661496,18.80099305864941,7.165000000000001
BIHAR,BHAGALPUR,ssp245,2035,10.2,Low Risk,,27.55,Moderate,1.58,Low,0.0,Low,1.0324499999999999,5.38,0.8068997244040297,0.0,51.62,77.3,63.24708333039595,20.950574480402462,5.38
BIHAR,BHOJPUR,ssp245,2035,6.58,Low Risk,,14.03,Low,4.78,Low,0.0,Low,1.0152,2.8200000000000003,0.5460068563620375,0.0,50.76,57.5,75.22671739579269,17.506146564115344,2.8200000000000003
BIHAR,BUXAR,ssp245,2035,6.6,Low Risk,,15.24,Low,3.62,Low,0.0,Low,1.00315,1.585,,0.0,50.16,33.3,70.89306773322296,21.97716477669526,1.585
BIHAR,DARBHANGA,ssp245,2035,10.98,Low Risk,,26.77,Moderate,4.6,Low,0.0,Low,1.0384,7.385,,0.0,51.92,33.3,74.56260730972923,18.781304746779902,7.385
BIHAR,GAYA,ssp245,2035,7.65,Low Risk,,20.49,Low,1.38,Low,0.0,Low,1.0131999999999999,3.1399999999999997,0.5569482326507682,0.0,50.66,55.2,62.51790445358952,20.674744956884624,3.1399999999999997
BIHAR,GOPALGANJ,ssp245,2035,9.41,Low Risk,,22.67,Low,4.23,Low,0.0,Low,1.0152,2.8499999999999996,0.582389730215084,0.0,50.76,55.25,73.17830645090118,14.360056514403263,2.8499999999999996
BIHAR,JAMUI,ssp245,2035,8.52,Low Risk,,23.24,Low,1.11,Low,0.0,Low,1.0192,4.725,0.7089224470986224,0.0,50.96,79.30000000000001,61.48010035369178,13.941304776344367,4.725
BIHAR,JEHANABAD,ssp245,2035,7.37,Low Risk,,19.23,Low,1.82,Low,0.0,Low,1.0263,4.42,,0.0,51.32,33.3,64.16407079184518,15.416337338119579,4.42
BIHAR,KAIMUR (BHABUA),ssp245,2035,9.99,Low Risk,,26.05,Moderate,2.5,Low,0.0,Low,0.9927,0.635,,0.0,49.64,33.3,66.68979458338367,28.216015096698605,0.635
BIHAR,KATIHAR,ssp245,2035,10.43,Low Risk,,28.63,Moderate,1.16,Low,0.0,Low,1.0195500000000002,4.3100000000000005,0.8068997244040297,0.0,50.98,77.3,61.67398386025149,20.881978895807972,4.3100000000000005
BIHAR,KHAGARIA,ssp245,2035,10.66,Low Risk,,28.38,Moderate,2.08,Low,0.0,Low,1.03905,6.83,0.7167446527216264,0.0,51.95,74.4,65.12265763496444,19.359155758039357,6.83
BIHAR,KISHANGANJ,ssp245,2035,34.11,Moderate Risk,,61.68,High,12.46,Low,27.19,Moderate,1.02975,6.545,,0.002897687830828673,50.25,33.3,63.27465634024869,32.64512311913331,6.545
BIHAR,LAKHISARAI,ssp245,2035,8.75,Low Risk,,23.65,Low,1.34,Low,0.0,Low,1.0446,6.895,,0.0,52.23,33.3,62.353223726875065,17.87678510977854,6.895
BIHAR,MADHEPURA,ssp245,2035,9.58,Low Risk,,25.36,Moderate,2.01,Low,0.0,Low,1.03045,6.4,,0.0,51.52,33.3,64.86495945361406,16.986234791694685,6.4
BIHAR,MADHUBANI,ssp245,2035,13.31,Low Risk,,33.68,Moderate,4.35,Low,0.0,Low,1.0404499999999999,7.835,0.6454428944322856,0.0,52.02,61.2,73.62797602334939,22.03767259731441,7.835
BIHAR,MUNGER,ssp245,2035,11.77,Low Risk,,31.94,Moderate,1.68,Low,0.0,Low,1.0375999999999999,6.225,,0.0,51.88,33.3,63.63971992619547,20.59191750700902,6.225
BIHAR,MUZAFFARPUR,ssp245,2035,9.13,Low Risk,,22.99,Low,3.11,Low,0.0,Low,1.04265,5.94,,0.0,52.13,33.3,68.96539784683534,16.374982347050906,5.94
BIHAR,NALANDA,ssp245,2035,5.97,Low Risk,,14.67,Low,2.38,Low,0.0,Low,1.0422,6.615,,0.0,52.11,33.3,66.25868823740083,18.25210488155223,6.615
BIHAR,NAWADA,ssp245,2035,6.79,Low Risk,,17.94,Low,1.45,Low,0.0,Low,1.02905,5.07,,0.0,51.45,33.3,62.76979912339425,15.283702132599444,5.07
BIHAR,PASHCHIM CHAMPARAN,ssp245,2035,14.7,Low Risk,,38.83,Moderate,3.16,Low,0.0,Low,1.02535,4.5600000000000005,0.6246807422902982,0.0,51.27,54.45,69.15957902970032,20.138398144996827,4.5600000000000005
BIHAR,PATNA,ssp245,2035,6.59,Low Risk,,14.32,Low,4.5,Low,0.0,Low,1.0382500000000001,6.06,0.5801225251621815,0.0,51.91,63.7,74.1814857998504,19.467199484926837,6.06
BIHAR,PURBA CHAMPARAN,ssp245,2035,10.23,Low Risk,,25.81,Moderate,3.43,Low,0.0,Low,1.02265,4.335,0.582389730215084,0.0,51.13,55.25,70.18080639641033,16.981883713844507,4.335
BIHAR,PURNIA,ssp245,2035,13.11,Low Risk,,37.01,Moderate,0.45,Low,0.0,Low,1.0301,5.785,0.8068997244040297,0.0,51.5,77.3,59.015731654361055,28.061414502485,5.785
BIHAR,ROHTAS,ssp245,2035,10.3,Low Risk,,27.1,Moderate,2.32,Low,0.0,Low,0.9971000000000001,1.1,,0.0,49.86,33.3,66.03724517480748,31.933746947646856,1.1
BIHAR,SAHARSA,ssp245,2035,24.03,Low Risk,,28.26,Moderate,14.18,Low,30.58,Moderate,1.03265,7.04,,0.0032592949107367927,49.8,33.3,64.6429544612255,17.741031459785667,7.04
BIHAR,SAMASTIPUR,ssp245,2035,8.36,Low Risk,,21.86,Low,2.02,Low,0.0,Low,1.0493999999999999,7.234999999999999,,0.0,52.47,33.3,64.90672968794294,18.336868861961328,7.234999999999999
BIHAR,SARAN,ssp245,2035,7.35,Low Risk,,16.87,Low,4.14,Low,0.0,Low,1.0272999999999999,3.895,,0.0,51.36,33.3,72.81174576889177,14.546809325414001,3.895
BIHAR,SHEIKHPURA,ssp245,2035,7.09,Low Risk,,18.19,Low,2.07,Low,0.0,Low,1.04405,7.095000000000001,,0.0,52.2,33.3,65.08013570028223,19.575836035801412,7.095000000000001
BIHAR,SHEOHAR,ssp245,2035,9.88,Low Risk,,23.77,Low,4.47,Low,0.0,Low,1.0318,5.37,,0.0,51.59,33.3,74.04471813247744,12.992300026727865,5.37
BIHAR,SITAMARHI,ssp245,2035,10.46,Low Risk,,25.95,Moderate,3.94,Low,0.0,Low,1.0347499999999998,6.465,0.6873498506016276,0.0,51.74,66.7,72.06859756729094,17.21096959136656,6.465
BIHAR,SIWAN,ssp245,2035,8.57,Low Risk,,20.07,Low,4.43,Low,0.0,Low,1.01395,2.64,,0.0,50.7,33.3,73.90078389351964,14.47409485509333,2.64
BIHAR,SUPAUL,ssp245,2035,16.3,Low Risk,,41.9,Moderate,4.67,Low,0.0,Low,1.0478999999999998,8.35,0.6454428944322856,0.0,52.39,61.2,74.78807217665828,26.834523773156697,8.35
BIHAR,VAISHALI,ssp245,2035,5.53,Low Risk,,13.0,Low,2.8,Low,0.0,Low,1.0621,6.9399999999999995,0.5801225251621815,0.0,53.1,63.7,67.8081535520722,12.999547574455917,6.9399999999999995
MAHARASHTRA,AHILYANAGAR,ssp245,2035,10.43,Low Risk,,22.47,Low,7.32,Low,0.0,Low,1.0405,5.605,0.49739622871081934,0.0,52.02,78.30000000000001,84.7015150858567,18.05989620042147,5.605
MAHARASHTRA,AKOLA,ssp245,2035,15.25,Low Risk,,37.99,Moderate,5.58,Low,0.0,Low,1.05525,7.06,0.5067127658261263,0.0,52.76,112.25,78.22003327897806,17.29515425969168,7.06
MAHARASHTRA,AMRAVATI,ssp245,2035,16.13,Low Risk,,42.17,Moderate,3.93,Low,0.0,Low,1.0584,7.82,0.5120101286305321,0.0,52.92,83.05000000000001,72.03690326433752,21.310937927824604,7.82
MAHARASHTRA,BEED,ssp245,2035,3.5,Low Risk,,6.69,Low,3.3,Low,0.0,Low,1.03695,4.9350000000000005,,0.0,51.85,33.3,69.68402222670368,16.24707484604633,4.9350000000000005
MAHARASHTRA,BHANDARA,ssp245,2035,15.47,Low Risk,,43.34,Moderate,0.86,Low,0.0,Low,1.0486,6.75,0.5147395908832557,0.0,52.43,63.95,60.57113903093044,15.599286064274661,6.75
MAHARASHTRA,BULDHANA,ssp245,2035,12.48,Low Risk,,29.48,Moderate,6.18,Low,0.0,Low,1.0404499999999999,5.25,0.5370864517159077,0.0,52.02,114.3,80.46249961331299,17.438794764071655,5.25
MAHARASHTRA,CHANDRAPUR,ssp245,2035,13.71,Low Risk,,37.29,Moderate,1.87,Low,0.0,Low,1.0488,7.2299999999999995,0.47485154006216135,0.0,52.44,124.85,64.35105248150447,17.51079323763313,7.2299999999999995
MAHARASHTRA,CHHATRAPATI SAMBHAJI NAGAR,ssp245,2035,9.25,Low Risk,,17.98,Low,8.46,Low,0.0,Low,1.03355,4.32,0.5099188599321671,0.0,51.68,96.75,88.97519584289222,16.492829771097348,4.32
MAHARASHTRA,DHARASHIV,ssp245,2035,11.55,Low Risk,,4.9,Low,11.01,Low,19.94,Low,1.0523,7.04,0.43486861189208526,0.002125156316704517,51.76,98.65,68.67858245736912,15.669053168875962,7.04
MAHARASHTRA,DHULE,ssp245,2035,10.82,Low Risk,,24.78,Low,6.14,Low,0.0,Low,1.05815,8.19,0.45527738134067164,0.0,52.91,105.30000000000001,80.31100813844013,16.88470892982516,8.19
MAHARASHTRA,GADCHIROLI,ssp245,2035,14.2,Low Risk,,39.59,Moderate,0.97,Low,0.0,Low,1.0227499999999998,4.2,0.5522818942864838,0.0,51.14,111.65,60.97708394187086,20.16158097927539,4.2
MAHARASHTRA,GONDIA,ssp245,2035,14.63,Low Risk,,41.36,Moderate,0.45,Low,0.0,Low,1.0387,5.84,0.5417816784647016,0.0,51.93,81.80000000000001,59.041129967808374,15.02663406807768,5.84
MAHARASHTRA,HINGOLI,ssp245,2035,10.16,Low Risk,,23.06,Low,5.98,Low,0.0,Low,1.0497,5.79,,0.0,52.49,33.3,79.72229972091554,18.195612581131087,5.79
MAHARASHTRA,JALGAON,ssp245,2035,11.76,Low Risk,,28.27,Moderate,5.33,Low,0.0,Low,1.04425,5.96,0.5506426241662723,0.0,52.21,99.9,77.27732733800443,17.794095168244425,5.96
MAHARASHTRA,JALNA,ssp245,2035,9.83,Low Risk,,22.06,Low,6.03,Low,0.0,Low,1.0305,3.72,0.5304320534070328,0.0,51.52,112.4,79.90246165484885,19.116036555864426,3.72
MAHARASHTRA,KOLHAPUR,ssp245,2035,24.29,Low Risk,,64.39,High,5.0,Low,0.0,Low,1.03925,6.58,0.5325651446978341,0.0,51.96,88.9,76.05532343200763,33.777592319345445,6.58
MAHARASHTRA,LATUR,ssp245,2035,5.05,Low Risk,,11.96,Low,2.47,Low,0.0,Low,1.0649,8.56,0.4291942232185022,0.0,53.24,113.85,66.57215205436387,16.14057892153789,8.56
MAHARASHTRA,MUMBAI,ssp245,2035,37.48,Moderate Risk,,97.08,Very High,10.0,Low,0.0,Low,1.0361,5.575,,0.0,51.8,33.3,135.30217042372584,29.860884018742993,5.575
MAHARASHTRA,MUMBAI SUBURBAN,ssp245,2035,38.15,Moderate Risk,,99.0,Very High,10.0,Low,0.0,Low,1.0407,6.16,,0.0,52.04,33.3,119.44265832257516,31.837003575825875,6.16
MAHARASHTRA,NAGPUR,ssp245,2035,14.49,Low Risk,,40.52,Moderate,0.89,Low,0.0,Low,1.05885,8.209999999999999,0.49269749522210304,0.0,52.94,65.3,60.66173536927549,20.849777810362184,8.209999999999999
MAHARASHTRA,NANDED,ssp245,2035,6.48,Low Risk,,16.12,Low,2.38,Low,0.0,Low,1.0805,10.39,0.4673791607221105,0.0,54.02,123.94999999999999,66.25779731773633,19.486237907405037,10.39
MAHARASHTRA,NANDURBAR,ssp245,2035,14.67,Low Risk,,33.6,Moderate,8.32,Low,0.0,Low,1.06595,9.31,0.45527738134067164,0.0,53.3,105.30000000000001,88.46794506666949,18.788639118752272,9.31
MAHARASHTRA,NASHIK,ssp245,2035,18.99,Low Risk,,44.37,Moderate,9.89,Low,0.0,Low,1.0566499999999999,8.165,0.5120917340119711,0.0,52.83,107.05,94.32158033050834,21.93754287989584,8.165
MAHARASHTRA,PALGHAR,ssp245,2035,38.37,Moderate Risk,,99.64,Very High,10.0,Low,0.0,Low,1.0524,8.055,0.550989811287991,0.0,52.62,92.85,123.3219623979493,34.603801481562314,8.055
MAHARASHTRA,PARBHANI,ssp245,2035,6.02,Low Risk,,14.96,Low,2.24,Low,0.0,Low,1.04615,5.6850000000000005,0.5237777080800861,0.0,52.31,110.5,65.71757578053695,18.469177724319884,5.6850000000000005
MAHARASHTRA,PUNE,ssp245,2035,16.3,Low Risk,,38.28,Moderate,8.28,Low,0.0,Low,1.0382500000000001,6.12,0.5650857104195772,0.0,51.91,73.65,88.3185032673448,21.617718295650537,6.12
MAHARASHTRA,RAIGAD,ssp245,2035,37.92,Moderate Risk,,98.33,Very High,10.0,Low,0.0,Low,1.03655,5.95,0.5852134870158459,0.0,51.83,82.75,106.21717505491463,34.68360665478372,5.95
MAHARASHTRA,RATNAGIRI,ssp245,2035,38.5,Moderate Risk,,100.0,Very High,10.0,Low,0.0,Low,1.03685,6.445,0.5778515418370596,0.0,51.84,94.5,106.46074403051867,41.57286260649754,6.445
MAHARASHTRA,SANGLI,ssp245,2035,7.87,Low Risk,,17.76,Low,4.72,Low,0.0,Low,1.0406499999999999,6.305,0.5343440453211592,0.0,52.03,80.4,75.01117497811002,20.112340676834208,6.305
MAHARASHTRA,SATARA,ssp245,2035,18.48,Low Risk,,45.57,Moderate,7.23,Low,0.0,Low,1.0396,6.4350000000000005,0.5814131809605563,0.0,51.98,64.45,84.37494031882262,24.94549902193212,6.4350000000000005
MAHARASHTRA,SINDHUDURG,ssp245,2035,37.55,Moderate Risk,,99.2,Very High,8.08,Low,0.0,Low,1.0387,6.78,0.560854793919475,0.0,51.93,116.85,87.57163484295197,48.79591955264014,6.78
MAHARASHTRA,SOLAPUR,ssp245,2035,2.31,Low Risk,,3.13,Low,3.47,Low,0.0,Low,1.04155,6.04,0.4639089087645303,0.0,52.08,91.35,70.31984430089935,15.542546686268386,6.04
MAHARASHTRA,THANE,ssp245,2035,37.35,Moderate Risk,,96.85,Very High,9.87,Low,0.0,Low,1.04695,7.12,0.550989811287991,0.0,52.35,92.85,94.24246271100168,29.869997855190835,7.12
MAHARASHTRA,WARDHA,ssp245,2035,15.04,Low Risk,,40.21,Moderate,2.75,Low,0.0,Low,1.0676999999999999,9.025,0.47330648501716155,0.0,53.38,133.45,67.64353522442502,18.873468491553417,9.025
MAHARASHTRA,WASHIM,ssp245,2035,13.18,Low Risk,,33.42,Moderate,4.24,Low,0.0,Low,1.05065,6.13,0.5067127658261263,0.0,52.53,112.25,73.18896393612172,18.050960310674157,6.13
MAHARASHTRA,YAVATMAL,ssp245,2035,12.3,Low Risk,,31.55,Moderate,3.59,Low,0.0,Low,1.07185,9.31,0.46313343577916655,0.0,53.59,128.65,70.78690738422321,19.24824483866687,9.31
TELANGANA,ADILABAD,ssp245,2035,10.62,Low Risk,,28.59,Moderate,1.74,Low,0.0,Low,1.0824,11.02,0.4254068215688278,0.0,54.12,139.35,63.86043861539362,15.285723813680816,11.02
TELANGANA,BHADRADRI KOTHAGUDEM,ssp245,2035,8.36,Low Risk,,21.68,Low,2.2,Low,0.0,Low,1.0239,4.175000000000001,0.5007238268852348,0.0,51.2,157.85000000000002,65.57011489670444,18.73475706688094,4.175000000000001
TELANGANA,HANUMAKONDA,ssp245,2035,6.63,Low Risk,,18.93,Low,0.0,Low,0.0,Low,1.0822500000000002,9.165,,0.0,54.11,33.3,57.341675087618725,12.126145297188032,9.165
TELANGANA,HYDERABAD,ssp245,2035,6.23,Low Risk,,15.82,Low,1.98,Low,0.0,Low,1.05955,6.85,,0.0,52.98,33.3,64.76277897072646,10.452144707460494,6.85
TELANGANA,JAGTIAL,ssp245,2035,8.14,Low Risk,,23.27,Low,0.0,Low,0.0,Low,1.09375,11.07,,0.0,54.69,33.3,57.25892713828672,13.772937672170698,11.07
TELANGANA,JANGAON,ssp245,2035,4.86,Low Risk,,12.68,Low,1.2,Low,0.0,Low,1.10185,9.635000000000002,0.4601129571596907,0.0,55.09,166.0,61.843288741152264,13.342614443935405,9.635000000000002
TELANGANA,JAYASHANKAR BHUPALPALLI,ssp245,2035,12.4,Low Risk,,35.42,Moderate,0.0,Low,0.0,Low,1.0436999999999999,6.405,,0.0,52.18,33.3,57.069657572904106,18.15984293535717,6.405
TELANGANA,JOGULAMBA GADWAL,ssp245,2035,1.22,Low Risk,,0.07,Low,3.41,Low,0.0,Low,1.0048499999999998,0.945,,0.0,50.24,33.3,70.10701499586366,12.056958895236246,0.945
TELANGANA,KAMAREDDY,ssp245,2035,7.31,Low Risk,,19.33,Low,1.56,Low,0.0,Low,1.1103999999999998,12.55,0.4825368338161127,0.0,55.52,126.60000000000001,63.1952183067432,18.581050548491575,12.55
TELANGANA,KARIMNAGAR,ssp245,2035,9.7,Low Risk,,27.49,Moderate,0.23,Low,0.0,Low,1.1008,9.97,0.4386242177751498,0.0,55.04,146.75,58.21577090351873,18.082705404853584,9.97
TELANGANA,KHAMMAM,ssp245,2035,3.98,Low Risk,,11.32,Low,0.04,Low,0.0,Low,1.0453999999999999,6.395,0.5007238268852348,0.0,52.27,157.85000000000002,57.479847037731815,14.737188043280009,6.395
TELANGANA,KUMURAM BHEEM,ssp245,2035,16.14,Low Risk,,43.81,Moderate,2.31,Low,0.0,Low,1.04855,7.325,0.49455564353202774,0.0,52.43,145.7,65.99660219983596,18.540954252216615,7.325
TELANGANA,MAHABUBABAD,ssp245,2035,4.38,Low Risk,,12.44,Low,0.07,Low,0.0,Low,1.06165,7.465,,0.0,53.08,33.3,57.605443251218134,12.93438087177512,7.465
TELANGANA,MAHBUBNAGAR,ssp245,2035,1.41,Low Risk,,0.0,Low,4.03,Low,0.0,Low,1.03905,3.1100000000000003,,0.0,51.95,33.3,72.41036142986314,12.190998364411971,3.1100000000000003
TELANGANA,MANCHERIAL,ssp245,2035,13.4,Low Risk,,37.91,Moderate,0.37,Low,0.0,Low,1.0524,7.415000000000001,,0.0,52.62,33.3,58.73205375332256,16.934018080799763,7.415000000000001
TELANGANA,MEDAK,ssp245,2035,6.69,Low Risk,,19.12,Low,0.0,Low,0.0,Low,1.1081500000000002,10.705,,0.0,55.41,33.3,57.27738970429916,17.52826391490909,10.705
TELANGANA,MEDCHAL-MALKAJGIRI,ssp245,2035,6.19,Low Risk,,17.56,Low,0.14,Low,0.0,Low,1.0737999999999999,8.26,0.4743652125199844,0.0,53.69,136.35,57.85763434326624,12.325414362429004,8.26
TELANGANA,MULUGU,ssp245,2035,11.78,Low Risk,,33.67,Moderate,0.0,Low,0.0,Low,1.02905,5.01,0.49269131289588586,0.0,51.45,132.7,57.18500461988266,17.05266487448109,5.01
TELANGANA,NAGARKURNOOL,ssp245,2035,2.01,Low Risk,,3.19,Low,2.55,Low,0.0,Low,1.0283,2.54,0.49701647758485024,0.0,51.42,144.8,66.89773388654055,15.602153744548204,2.54
TELANGANA,NALGONDA,ssp245,2035,3.28,Low Risk,,6.38,Low,2.98,Low,0.0,Low,1.0637500000000002,6.53,0.49738148318398245,0.0,53.19,184.75,68.49797153471476,17.947520808850765,6.53
TELANGANA,NARAYANPET,ssp245,2035,1.92,Low Risk,,1.25,Low,4.25,Low,0.0,Low,1.0298500000000002,3.33,0.4572093698713573,0.0,51.49,138.45,73.24307849031298,13.609096024511608,3.33
TELANGANA,NIRMAL,ssp245,2035,7.22,Low Risk,,20.21,Low,0.41,Low,0.0,Low,1.1006,12.469999999999999,,0.0,55.03,33.3,58.871118842319035,16.638410113002116,12.469999999999999
TELANGANA,NIZAMABAD,ssp245,2035,5.76,Low Risk,,16.36,Low,0.1,Low,0.0,Low,1.1118999999999999,13.41,0.4825368338161127,0.0,55.59,126.60000000000001,57.731653122960466,17.487669440056692,13.41
TELANGANA,PEDDAPALLI,ssp245,2035,10.05,Low Risk,,28.41,Moderate,0.31,Low,0.0,Low,1.0707,8.61,0.4386242177751498,0.0,53.54,146.75,58.51749344457106,14.294418142879794,8.61
TELANGANA,RAJANNA SIRCILLA,ssp245,2035,5.89,Low Risk,,16.83,Low,0.0,Low,0.0,Low,1.123,12.620000000000001,,0.0,56.15,33.3,53.191936919387246,13.251262369027563,12.620000000000001
TELANGANA,RANGA REDDY,ssp245,2035,3.66,Low Risk,,7.7,Low,2.76,Low,0.0,Low,1.05225,5.48,0.4743652125199844,0.0,52.61,136.35,67.6554599022584,16.186042465736584,5.48
TELANGANA,SANGAREDDY,ssp245,2035,6.57,Low Risk,,17.32,Low,1.44,Low,0.0,Low,1.084,9.47,0.4841492387983699,0.0,54.2,124.85,62.729888891136184,17.847934604993654,9.47
TELANGANA,SIDDIPET,ssp245,2035,5.18,Low Risk,,14.68,Low,0.11,Low,0.0,Low,1.1138499999999998,10.18,,0.0,55.69,33.3,57.74118850004768,13.399533954600322,10.18
TELANGANA,SURYAPET,ssp245,2035,3.02,Low Risk,,5.75,Low,2.89,Low,0.0,Low,1.0839500000000002,8.215,0.4601129571596907,0.0,54.2,166.0,68.1515041890569,15.574610818525725,8.215
TELANGANA,VIKARABAD,ssp245,2035,4.03,Low Risk,,8.23,Low,3.27,Low,0.0,Low,1.04635,5.545,0.4841492387983699,0.0,52.32,124.85,69.5776981827056,14.398971207206804,5.545
TELANGANA,WANAPARTHY,ssp245,2035,1.39,Low Risk,,1.18,Low,2.78,Low,0.0,Low,1.01525,1.0899999999999999,,0.0,50.76,33.3,67.72446134510854,13.014678765404083,1.0899999999999999
TELANGANA,WARANGAL,ssp245,2035,5.87,Low Risk,,15.73,Low,1.04,Low,0.0,Low,1.07035,8.135,,0.0,53.52,33.3,61.220543685590826,12.187501415392354,8.135
TELANGANA,YADADRI BHUVANAGIRI,ssp245,2035,4.99,Low Risk,,12.57,Low,1.68,Low,0.0,Low,1.0879,8.68,,0.0,54.4,33.3,63.62088772728674,14.724390440102145,8.68
BIHAR,ARARIA,ssp245,2040,44.97,Moderate Risk,,48.89,Moderate,26.39,Moderate,62.06,High,1.0552,9.91,1.0181666923894,0.006613796222309432,49.57,11.7,63.22353341586967,32.86071708147101,9.91
BIHAR,ARWAL,ssp245,2040,9.56,Low Risk,,24.81,Low,2.5,Low,0.0,Low,1.0188,4.38,,0.0,50.94,33.3,66.69724073085075,23.595338580537224,4.38
BIHAR,AURANGABAD,ssp245,2040,11.21,Low Risk,,30.18,Moderate,1.84,Low,0.0,Low,1.002,2.79,0.8069482326507682,0.0,50.1,62.3,64.23918560602364,30.102088808682097,2.79
BIHAR,BANKA,ssp245,2040,29.2,Moderate Risk,,25.47,Moderate,20.97,Low,43.14,Moderate,1.0185,5.54,,0.004597556165365449,48.37,33.3,71.22394178534822,14.50154399631004,5.54
BIHAR,BEGUSARAI,ssp245,2040,7.83,Low Risk,,20.22,Low,2.15,Low,0.0,Low,1.0525,8.47,0.9667446527216264,0.0,52.62,83.0,65.39939511600998,18.946783870788007,8.47
BIHAR,BHAGALPUR,ssp245,2040,10.29,Low Risk,,27.87,Moderate,1.52,Low,0.0,Low,1.0369,6.66,1.0568997244040297,0.0,51.84,86.1,63.03789159049849,21.057938268757567,6.66
BIHAR,BHOJPUR,ssp245,2040,6.61,Low Risk,,14.2,Low,4.69,Low,0.0,Low,1.0194,4.07,0.7960068563620375,0.0,50.97,64.8,74.88411444797704,17.398107270958477,4.07
BIHAR,BUXAR,ssp245,2040,10.44,Low Risk,,15.71,Low,6.95,Low,8.38,Low,1.0073,2.82,,0.0008929578858328938,49.81,33.3,70.80964376347177,21.861830074001148,2.82
BIHAR,DARBHANGA,ssp245,2040,28.22,Moderate Risk,,27.26,Moderate,20.2,Low,38.7,Moderate,1.0431,8.69,,0.004124837725709356,49.72,33.3,74.99373247752965,18.89738148028589,8.69
BIHAR,GAYA,ssp245,2040,7.7,Low Risk,,20.72,Low,1.28,Low,0.0,Low,1.0175,4.39,0.8069482326507682,0.0,50.88,62.3,62.12545382421323,20.444869967075682,4.39
BIHAR,GOPALGANJ,ssp245,2040,9.71,Low Risk,,23.56,Low,4.17,Low,0.0,Low,1.0194,4.1,0.832389730215084,0.0,50.97,62.4,72.9275776788082,14.463145715465064,4.1
BIHAR,JAMUI,ssp245,2040,30.9,Moderate Risk,,23.75,Low,21.25,Low,50.49,High,1.0237,6.0,0.9589224470986224,0.005380928002976661,47.89,88.2,61.27254060127781,14.161375038858235,6.0
BIHAR,JEHANABAD,ssp245,2040,7.41,Low Risk,,19.5,Low,1.67,Low,0.0,Low,1.0306,5.69,,0.0,51.53,33.3,63.60092086846514,15.32051434680948,5.69
BIHAR,KAIMUR (BHABUA),ssp245,2040,10.05,Low Risk,,26.32,Moderate,2.4,Low,0.0,Low,0.9968,1.86,,0.0,49.84,33.3,66.33306492612643,27.90978954941198,1.86
BIHAR,KATIHAR,ssp245,2040,10.66,Low Risk,,29.39,Moderate,1.07,Low,0.0,Low,1.0239,5.58,1.0568997244040297,0.0,51.2,86.1,61.357278630821426,21.25194712851372,5.58
BIHAR,KHAGARIA,ssp245,2040,10.77,Low Risk,,28.75,Moderate,2.03,Low,0.0,Low,1.0436,8.13,0.9667446527216264,0.0,52.18,83.0,64.93186012357006,19.66546119297819,8.13
BIHAR,KISHANGANJ,ssp245,2040,34.53,Moderate Risk,,62.47,High,12.57,Low,27.57,Moderate,1.0344,7.84,,0.0029385879486032687,50.44,33.3,63.10631583205401,33.26775564909725,7.84
BIHAR,LAKHISARAI,ssp245,2040,8.89,Low Risk,,24.11,Low,1.28,Low,0.0,Low,1.0491,8.2,,0.0,52.46,33.3,62.13693232569548,18.16003408630253,8.2
BIHAR,MADHEPURA,ssp245,2040,26.48,Moderate Risk,,25.6,Moderate,17.28,Low,38.25,Moderate,1.0351,7.69,,0.004076555827270012,49.52,33.3,64.73651348164283,17.135148737357596,7.69
BIHAR,MADHUBANI,ssp245,2040,39.31,Moderate Risk,,34.63,Moderate,27.77,Moderate,58.23,High,1.0452,9.15,0.8954428944322856,0.006206497997421093,48.84,68.8,74.08887588526918,22.31603519982908,9.15
BIHAR,MUNGER,ssp245,2040,11.95,Low Risk,,32.49,Moderate,1.65,Low,0.0,Low,1.0421,7.52,,0.0,52.1,33.3,63.5130244505019,20.792651692451503,7.52
BIHAR,MUZAFFARPUR,ssp245,2040,9.34,Low Risk,,23.58,Low,3.11,Low,0.0,Low,1.047,7.23,,0.0,52.35,33.3,68.98500524722715,16.591879706333025,7.23
BIHAR,NALANDA,ssp245,2040,6.07,Low Risk,,14.99,Low,2.36,Low,0.0,Low,1.0467,7.91,,0.0,52.34,33.3,66.18687198098256,18.497582898960427,7.91
BIHAR,NAWADA,ssp245,2040,6.86,Low Risk,,18.18,Low,1.41,Low,0.0,Low,1.0334,6.35,,0.0,51.67,33.3,62.61715096309304,15.481373176032792,6.35
BIHAR,PASHCHIM CHAMPARAN,ssp245,2040,15.08,Low Risk,,39.95,Moderate,3.14,Low,0.0,Low,1.0297,5.83,0.8746807422902982,0.0,51.48,61.5,69.09950815974449,20.455844338052852,5.83
BIHAR,PATNA,ssp245,2040,6.68,Low Risk,,14.49,Low,4.61,Low,0.0,Low,1.0427,7.35,0.8301225251621815,0.0,52.14,71.5,74.56590265318955,19.646417985236237,7.35
BIHAR,PURBA CHAMPARAN,ssp245,2040,10.46,Low Risk,,26.52,Moderate,3.37,Low,0.0,Low,1.027,5.6,0.832389730215084,0.0,51.35,62.4,69.94097351605336,17.122963378751578,5.6
BIHAR,PURNIA,ssp245,2040,13.51,Low Risk,,38.23,Moderate,0.38,Low,0.0,Low,1.0346,7.07,1.0568997244040297,0.0,51.73,86.1,58.76896429474563,28.881492688978526,7.07
BIHAR,ROHTAS,ssp245,2040,10.35,Low Risk,,27.36,Moderate,2.22,Low,0.0,Low,1.0012,2.33,,0.0,50.06,33.3,65.65987344869988,31.720060897569816,2.33
BIHAR,SAHARSA,ssp245,2040,30.22,Moderate Risk,,28.62,Moderate,19.67,Low,44.4,Moderate,1.0374,8.34,,0.004731695037045317,49.17,33.3,64.48442270410469,17.924347224904142,8.34
BIHAR,SAMASTIPUR,ssp245,2040,8.43,Low Risk,,22.11,Low,1.98,Low,0.0,Low,1.0539,8.54,,0.0,52.7,33.3,64.73210036556766,18.42016775627443,8.54
BIHAR,SARAN,ssp245,2040,7.5,Low Risk,,17.29,Low,4.14,Low,0.0,Low,1.0315,5.16,,0.0,51.58,33.3,72.83180104414022,14.602613688583734,5.16
BIHAR,SHEIKHPURA,ssp245,2040,7.22,Low Risk,,18.58,Low,2.04,Low,0.0,Low,1.0486,8.4,,0.0,52.43,33.3,64.98010679994533,19.888083981579292,8.4
BIHAR,SHEOHAR,ssp245,2040,10.08,Low Risk,,24.23,Low,4.56,Low,0.0,Low,1.0362,6.65,,0.0,51.81,33.3,74.38344344842747,12.960639629255356,6.65
BIHAR,SITAMARHI,ssp245,2040,10.6,Low Risk,,26.28,Moderate,4.01,Low,0.0,Low,1.0393,7.76,0.9373498506016276,0.0,51.96,74.7,72.33259919891711,17.25320864725888,7.76
BIHAR,SIWAN,ssp245,2040,8.76,Low Risk,,20.69,Low,4.34,Low,0.0,Low,1.0181,3.89,,0.0,50.9,33.3,73.55794411355204,14.461831507039676,3.89
BIHAR,SUPAUL,ssp245,2040,16.81,Low Risk,,43.23,Moderate,4.79,Low,0.0,Low,1.0526,9.67,0.8954428944322856,0.0,52.63,68.8,75.2676395816336,27.499007786270308,9.67
BIHAR,VAISHALI,ssp245,2040,5.64,Low Risk,,13.31,Low,2.79,Low,0.0,Low,1.0663,8.24,0.8301225251621815,0.0,53.32,71.5,67.79562102591456,13.0463333289933,8.24
MAHARASHTRA,AHILYANAGAR,ssp245,2040,10.51,Low Risk,,22.71,Low,7.33,Low,0.0,Low,1.0448,6.89,0.7473962287108193,0.0,52.24,87.2,84.74768567947076,18.1022591197739,6.89
MAHARASHTRA,AKOLA,ssp245,2040,15.35,Low Risk,,38.38,Moderate,5.47,Low,0.0,Low,1.0596,8.36,0.7567127658261263,0.0,52.98,122.9,77.79930903403285,17.234287537927685,8.36
MAHARASHTRA,AMRAVATI,ssp245,2040,16.28,Low Risk,,42.54,Moderate,3.98,Low,0.0,Low,1.0629,9.13,0.7620101286305321,0.0,53.14,92.2,72.23175989429913,21.40500985066739,9.13
MAHARASHTRA,BEED,ssp245,2040,15.08,Low Risk,,6.64,Low,13.77,Low,26.46,Moderate,1.0412,6.21,,0.0028201104573470307,50.89,33.3,69.24658008539728,16.246318132605534,6.21
MAHARASHTRA,BHANDARA,ssp245,2040,15.58,Low Risk,,43.72,Moderate,0.79,Low,0.0,Low,1.053,8.05,0.7647395908832557,0.0,52.65,71.8,60.29628607639144,15.546250260594595,8.05
MAHARASHTRA,BULDHANA,ssp245,2040,12.26,Low Risk,,29.16,Moderate,5.86,Low,0.0,Low,1.0447,6.53,0.7870864517159077,0.0,52.24,125.1,79.26428547142677,17.454355025134657,6.53
MAHARASHTRA,CHANDRAPUR,ssp245,2040,13.67,Low Risk,,37.34,Moderate,1.72,Low,0.0,Low,1.0533,8.53,0.7248515400621613,0.0,52.66,136.0,63.78290039086563,17.557847125421176,8.53
MAHARASHTRA,CHHATRAPATI SAMBHAJI NAGAR,ssp245,2040,9.04,Low Risk,,17.62,Low,8.2,Low,0.0,Low,1.0377,5.59,0.7599188599321671,0.0,51.89,106.7,88.01294298346808,16.527452309949823,5.59
MAHARASHTRA,DHARASHIV,ssp245,2040,13.99,Low Risk,,5.57,Low,12.95,Low,25.02,Moderate,1.0567,8.34,0.6848686118920853,0.002666143327750197,51.74,108.7,68.36470388825074,15.954740617343319,8.34
MAHARASHTRA,DHULE,ssp245,2040,13.23,Low Risk,,24.74,Low,8.14,Low,5.73,Low,1.0627,9.51,0.7052773813406716,0.0006111819169379927,52.85,115.7,79.21588236490359,16.88626932195667,9.51
MAHARASHTRA,GADCHIROLI,ssp245,2040,14.08,Low Risk,,39.44,Moderate,0.8,Low,0.0,Low,1.0271,5.47,0.8022818942864838,0.0,51.36,122.3,60.32885422299701,20.021723567069643,5.47
MAHARASHTRA,GONDIA,ssp245,2040,14.8,Low Risk,,41.96,Moderate,0.33,Low,0.0,Low,1.0431,7.13,0.7917816784647016,0.0,52.15,90.9,58.581655743088014,15.11519069550669,7.13
MAHARASHTRA,HINGOLI,ssp245,2040,10.18,Low Risk,,23.48,Low,5.61,Low,0.0,Low,1.0539,7.08,,0.0,52.7,33.3,78.32708599860209,18.544679935132223,7.08
MAHARASHTRA,JALGAON,ssp245,2040,11.59,Low Risk,,28.21,Moderate,4.91,Low,0.0,Low,1.0486,7.25,0.8006426241662723,0.0,52.43,110.0,75.71571240925368,17.830655254997293,7.25
MAHARASHTRA,JALNA,ssp245,2040,9.57,Low Risk,,21.56,Low,5.77,Low,0.0,Low,1.0346,4.98,0.7804320534070328,0.0,51.73,123.1,78.936450025703,19.32502354912383,4.98
MAHARASHTRA,KOLHAPUR,ssp245,2040,24.95,Low Risk,,65.47,High,5.31,Low,0.58,Low,1.0438,7.88,0.7825651446978341,6.192846807796946e-05,52.17,98.4,76.33719772422441,34.17717058054857,7.88
MAHARASHTRA,LATUR,ssp245,2040,5.3,Low Risk,,12.61,Low,2.53,Low,0.0,Low,1.0694,9.88,0.6791942232185022,0.0,53.47,124.6,66.79541444181554,16.41296727497196,9.88
MAHARASHTRA,MUMBAI,ssp245,2040,37.58,Moderate Risk,,97.36,Very High,10.0,Low,0.0,Low,1.0405,6.86,,0.0,52.02,33.3,135.6311205390101,30.14574431551269,6.86
MAHARASHTRA,MUMBAI SUBURBAN,ssp245,2040,38.2,Moderate Risk,,99.15,Very High,10.0,Low,0.0,Low,1.0451,7.45,,0.0,52.26,33.3,119.79771155926001,31.986353961994517,7.45
MAHARASHTRA,NAGPUR,ssp245,2040,14.62,Low Risk,,40.95,Moderate,0.82,Low,0.0,Low,1.0634,9.53,0.742697495222103,0.0,53.17,73.2,60.4271454816243,21.066173545103712,9.53
MAHARASHTRA,NANDED,ssp245,2040,6.57,Low Risk,,16.66,Low,2.12,Low,0.0,Low,1.0851,11.73,0.7173791607221105,0.0,54.26,135.1,65.2895191116852,19.742935564867746,11.73
MAHARASHTRA,NANDURBAR,ssp245,2040,14.78,Low Risk,,33.98,Moderate,8.26,Low,0.0,Low,1.0706,10.64,0.7052773813406716,0.0,53.53,115.7,88.21342756331782,18.758452033721824,10.64
MAHARASHTRA,NASHIK,ssp245,2040,18.99,Low Risk,,44.26,Moderate,10.0,Low,0.0,Low,1.0612,9.48,0.7620917340119711,0.0,53.06,117.5,94.73593883173581,21.92747916989996,9.48
MAHARASHTRA,PALGHAR,ssp245,2040,38.5,Moderate Risk,,100.0,Very High,10.0,Low,0.0,Low,1.057,9.37,0.800989811287991,0.0,52.85,102.6,124.55755027670828,34.88590617822292,9.37
MAHARASHTRA,PARBHANI,ssp245,2040,6.01,Low Risk,,15.13,Low,2.05,Low,0.0,Low,1.0504,6.97,0.7737777080800861,0.0,52.52,121.1,65.0033572534577,18.85806071776826,6.97
MAHARASHTRA,PUNE,ssp245,2040,16.5,Low Risk,,38.7,Moderate,8.44,Low,0.0,Low,1.0427,7.41,0.8150857104195772,0.0,52.14,82.2,88.88642526108308,21.510758545345464,7.41
MAHARASHTRA,RAIGAD,ssp245,2040,38.12,Moderate Risk,,98.92,Very High,10.0,Low,0.0,Low,1.041,7.24,0.8352134870158459,0.0,52.05,91.9,107.13019311156258,34.858669929826775,7.24
MAHARASHTRA,RATNAGIRI,ssp245,2040,59.27,High Risk,,100.0,Very High,28.88,Moderate,47.2,Moderate,1.0414,7.74,0.8278515418370596,0.005030090978798002,49.91,104.3,106.93013287160605,41.8889435410551,7.74
MAHARASHTRA,SANGLI,ssp245,2040,15.17,Low Risk,,18.47,Low,11.15,Low,16.0,Low,1.0451,7.6,0.7843440453211592,0.0017048887712129538,51.56,89.4,75.11606306879396,20.186689429018415,7.6
MAHARASHTRA,SATARA,ssp245,2040,18.89,Low Risk,,46.66,Moderate,7.3,Low,0.0,Low,1.0441,7.73,0.8314131809605563,0.0,52.2,72.3,84.65170224114223,25.11065738078056,7.73
MAHARASHTRA,SINDHUDURG,ssp245,2040,57.55,High Risk,,99.42,Very High,26.22,Moderate,45.27,Moderate,1.0433,8.08,0.810854793919475,0.004824905208968331,50.09,127.7,87.65723620692862,49.42761054969401,8.08
MAHARASHTRA,SOLAPUR,ssp245,2040,15.32,Low Risk,,3.29,Low,15.22,Low,29.47,Moderate,1.0459,7.33,0.7139089087645303,0.0031410395666671893,50.93,101.0,70.17455133660545,15.605039693823123,7.33
MAHARASHTRA,THANE,ssp245,2040,37.51,Moderate Risk,,97.18,Very High,10.0,Low,0.0,Low,1.0515,8.42,0.800989811287991,0.0,52.58,102.6,94.90457017673361,29.960597759495695,8.42
MAHARASHTRA,WARDHA,ssp245,2040,15.17,Low Risk,,40.62,Moderate,2.73,Low,0.0,Low,1.0723,10.35,0.7233064850171615,0.0,53.62,144.9,67.55438647091637,19.020240777471045,10.35
MAHARASHTRA,WASHIM,ssp245,2040,13.13,Low Risk,,33.59,Moderate,3.92,Low,0.0,Low,1.0549,7.42,0.7567127658261263,0.0,52.74,122.9,72.01751311325656,18.0616952703448,7.42
MAHARASHTRA,YAVATMAL,ssp245,2040,12.33,Low Risk,,31.79,Moderate,3.43,Low,0.0,Low,1.0764,10.64,0.7131334357791665,0.0,53.82,139.9,70.18516389635465,19.35511442356823,10.64
TELANGANA,ADILABAD,ssp245,2040,10.82,Low Risk,,29.3,Moderate,1.62,Low,0.0,Low,1.0871,12.37,0.6754068215688278,0.0,54.36,150.9,63.39916514886638,15.381998919926016,12.37
TELANGANA,BHADRADRI KOTHAGUDEM,ssp245,2040,10.6,Low Risk,,22.28,Low,4.04,Low,4.61,Low,1.0282,5.44,0.7507238268852348,0.0004913748511782573,51.19,169.8,65.55346199853442,18.805985602398334,5.44
TELANGANA,HANUMAKONDA,ssp245,2040,6.8,Low Risk,,19.42,Low,0.0,Low,0.0,Low,1.0866,10.49,,0.0,54.33,33.3,56.97461214217816,12.1806463996817,10.49
TELANGANA,HYDERABAD,ssp245,2040,12.41,Low Risk,,16.64,Low,7.35,Low,13.39,Low,1.0638,8.15,,0.0014267329283108054,52.39,33.3,64.78890755594104,10.490479695642719,8.15
TELANGANA,JAGTIAL,ssp245,2040,8.29,Low Risk,,23.69,Low,0.0,Low,0.0,Low,1.0983,12.42,,0.0,54.92,33.3,56.52785085840921,13.897764307596269,12.42
TELANGANA,JANGAON,ssp245,2040,5.01,Low Risk,,13.21,Low,1.1,Low,0.0,Low,1.106,10.97,0.7101129571596907,0.0,55.3,178.0,61.44095476302064,13.390037603622938,10.97
TELANGANA,JAYASHANKAR BHUPALPALLI,ssp245,2040,12.52,Low Risk,,35.76,Moderate,0.0,Low,0.0,Low,1.0481,7.7,,0.0,52.4,33.3,56.629187709775515,18.36890052210673,7.7
TELANGANA,JOGULAMBA GADWAL,ssp245,2040,10.23,Low Risk,,0.04,Low,11.55,Low,20.57,Low,1.0088,2.17,,0.0021920810135188412,49.47,33.3,69.75859558497035,12.131013728219546,2.17
TELANGANA,KAMAREDDY,ssp245,2040,7.56,Low Risk,,20.07,Low,1.52,Low,0.0,Low,1.115,13.92,0.7325368338161127,0.0,55.75,137.8,63.0119076693612,18.82179167203416,13.92
TELANGANA,KARIMNAGAR,ssp245,2040,9.86,Low Risk,,28.07,Moderate,0.09,Low,0.0,Low,1.105,11.31,0.6886242177751498,0.0,55.25,158.5,57.674451461493554,18.311848102204365,11.31
TELANGANA,KHAMMAM,ssp245,2040,4.18,Low Risk,,11.93,Low,0.0,Low,0.0,Low,1.0498,7.69,0.7507238268852348,0.0,52.49,169.8,56.969480711520006,14.835850456056473,7.69
TELANGANA,KUMURAM BHEEM,ssp245,2040,16.28,Low Risk,,44.31,Moderate,2.2,Low,0.0,Low,1.0531,8.63,0.7445556435320277,0.0,52.65,157.4,65.57282106578107,18.72643069920676,8.63
TELANGANA,MAHABUBABAD,ssp245,2040,4.52,Low Risk,,12.92,Low,0.0,Low,0.0,Low,1.066,8.77,,0.0,53.3,33.3,57.186021501336725,12.988570886977627,8.77
TELANGANA,MAHBUBNAGAR,ssp245,2040,1.41,Low Risk,,0.1,Low,3.94,Low,0.0,Low,1.0429,4.36,,0.0,52.14,33.3,72.07168818688754,12.268038697930585,4.36
TELANGANA,MANCHERIAL,ssp245,2040,13.44,Low Risk,,38.17,Moderate,0.23,Low,0.0,Low,1.0569,8.72,,0.0,52.84,33.3,58.20040961756747,17.09855554924974,8.72
TELANGANA,MEDAK,ssp245,2040,7.02,Low Risk,,20.05,Low,0.0,Low,0.0,Low,1.1124,12.05,,0.0,55.62,33.3,56.82473992589437,17.752004315027115,12.05
TELANGANA,MEDCHAL-MALKAJGIRI,ssp245,2040,6.5,Low Risk,,18.51,Low,0.07,Low,0.0,Low,1.0781,9.58,0.7243652125199844,0.0,53.9,147.9,57.5957929516167,12.377294983027593,9.58
TELANGANA,MULUGU,ssp245,2040,11.96,Low Risk,,34.16,Moderate,0.0,Low,0.0,Low,1.0334,6.29,0.7426913128958859,0.0,51.67,144.1,56.62665774800138,17.161699508548324,6.29
TELANGANA,NAGARKURNOOL,ssp245,2040,13.84,Low Risk,,3.18,Low,13.27,Low,26.94,Moderate,1.0322,3.79,0.7470164775848502,0.002871650937588778,49.92,156.5,66.6633879665459,15.59093583780541,3.79
TELANGANA,NALGONDA,ssp245,2040,3.4,Low Risk,,6.88,Low,2.84,Low,0.0,Low,1.0679,7.83,0.7473814831839825,0.0,53.4,196.9,67.97653456616497,18.03634888856659,7.83
TELANGANA,NARAYANPET,ssp245,2040,1.98,Low Risk,,1.52,Low,4.14,Low,0.0,Low,1.0339,4.59,0.7072093698713573,0.0,51.7,150.0,72.81597712937034,13.886088208552879,4.59
TELANGANA,NIRMAL,ssp245,2040,7.36,Low Risk,,20.81,Low,0.21,Low,0.0,Low,1.1053,13.84,,0.0,55.26,33.3,58.13002158609425,16.831907505957968,13.84
TELANGANA,NIZAMABAD,ssp245,2040,5.91,Low Risk,,16.9,Low,0.0,Low,0.0,Low,1.1166,14.79,0.7325368338161127,0.0,55.83,137.8,57.17671291207334,17.70504934372856,14.79
TELANGANA,PEDDAPALLI,ssp245,2040,10.14,Low Risk,,28.8,Moderate,0.16,Low,0.0,Low,1.0751,9.93,0.6886242177751498,0.0,53.76,158.5,57.944549832790756,14.435549777532035,9.93
TELANGANA,RAJANNA SIRCILLA,ssp245,2040,6.05,Low Risk,,17.28,Low,0.0,Low,0.0,Low,1.1274,13.99,,0.0,56.37,33.3,52.724203751886165,13.373542441404684,13.99
TELANGANA,RANGA REDDY,ssp245,2040,3.87,Low Risk,,8.4,Low,2.67,Low,0.0,Low,1.0564,6.76,0.7243652125199844,0.0,52.82,147.9,67.31126914048258,16.25889379071304,6.76
TELANGANA,SANGAREDDY,ssp245,2040,6.87,Low Risk,,18.25,Low,1.39,Low,0.0,Low,1.0884,10.8,0.7341492387983699,0.0,54.42,136.0,62.551247264813966,18.03752213661321,10.8
TELANGANA,SIDDIPET,ssp245,2040,5.32,Low Risk,,15.21,Low,0.0,Low,0.0,Low,1.1179,11.52,,0.0,55.9,33.3,57.34504241337853,13.485052882681305,11.52
TELANGANA,SURYAPET,ssp245,2040,3.13,Low Risk,,6.22,Low,2.72,Low,0.0,Low,1.0881,9.53,0.7101129571596907,0.0,54.4,178.0,67.5145268112767,15.68676301041275,9.53
TELANGANA,VIKARABAD,ssp245,2040,11.38,Low Risk,,8.97,Low,9.61,Low,16.27,Low,1.0506,6.83,0.7341492387983699,0.001733894398722059,51.84,136.0,68.95878942936456,14.491373484102809,6.83
TELANGANA,WANAPARTHY,ssp245,2040,7.6,Low Risk,,1.21,Low,8.28,Low,14.25,Low,1.0191,2.32,,0.0015192459406651673,50.29,33.3,66.98773652203107,13.031302236990298,2.32
TELANGANA,WARANGAL,ssp245,2040,5.97,Low Risk,,16.12,Low,0.94,Low,0.0,Low,1.0747,9.45,,0.0,53.74,33.3,60.852035093366254,12.238021996079276,9.45
TELANGANA,YADADRI BHUVANAGIRI,ssp245,2040,5.16,Low Risk,,13.22,Low,1.52,Low,0.0,Low,1.0921,10.0,,0.0,54.6,33.3,63.03007006152797,14.701451483360486,10.0
