district,scenario,overall_risk_2030,overall_risk_2035,overall_risk_2040,flood_risk_2030,flood_risk_2035,flood_risk_2040,drought_risk_2030,drought_risk_2035,drought_risk_2040,agstress_2030,agstress_2035,agstress_2040,temperature_change_2030,temperature_change_2035,temperature_change_2040,rainfall_change_2030,rainfall_change_2035,rainfall_change_2040
ARARIA,ssp245,24.65,23.32,25.3,46.84,47.87,48.89,23.6,18.77,17.27,0.0,0.0,7.13,0.5181666923893999,0.7681666923893999,1.0181666923894,7.27,8.59,9.91
ARARIA,ssp585,25.04,45.16,63.27,46.84,47.87,48.89,24.71,41.7,55.17,0.0,46.02,89.48,0.8181666923894,1.2681666923894,1.7181666923894,7.27,8.59,9.91
ARWAL,ssp245,9.48,9.52,9.56,24.37,24.59,24.81,2.72,2.61,2.5,0.0,0.0,0.0,,,,1.87,3.125,4.38
ARWAL,ssp585,9.48,32.12,46.39,24.37,24.59,24.81,2.72,25.43,39.68,0.0,48.72,79.38,,,,1.87,3.13,4.38
AURANGABAD,ssp245,10.97,11.09,11.21,29.28,29.73,30.18,2.05,1.95,1.84,0.0,0.0,0.0,0.3069482326507682,0.5569482326507682,0.8069482326507682,0.32,1.555,2.79
AURANGABAD,ssp585,17.56,34.08,50.29,29.28,29.73,30.18,8.71,25.16,41.3,14.22,49.57,84.24,0.6069482326507682,1.0569482326507682,1.5069482326507682,0.32,1.55,2.79
BANKA,ssp245,9.72,9.97,27.59,24.42,24.94,25.47,3.36,3.54,21.26,0.0,0.0,37.46,,,,3.0,4.27,5.54
BANKA,ssp585,26.51,37.67,54.21,24.42,24.94,25.47,20.31,31.51,43.71,36.18,59.71,100.0,,,,3.0,4.27,5.54
BEGUSARAI,ssp245,11.35,9.76,8.18,19.91,20.06,20.22,12.51,7.82,3.14,0.0,0.0,0.0,0.4667446527216263,0.7167446527216264,0.9667446527216264,5.86,7.165000000000001,8.47
BEGUSARAI,ssp585,11.53,9.92,33.83,19.91,20.06,20.22,13.02,8.28,29.11,0.0,0.0,55.23,0.7667446527216264,1.2167446527216264,1.6667446527216263,5.86,7.16,8.47
BHAGALPUR,ssp245,17.32,16.02,14.72,27.23,27.55,27.87,22.25,18.22,14.2,0.0,0.0,0.0,0.5568997244040297,0.8068997244040297,1.0568997244040297,4.1,5.38,6.66
BHAGALPUR,ssp585,17.68,35.73,44.87,27.23,27.55,27.87,23.28,38.99,45.45,0.0,41.48,64.01,0.8568997244040297,1.3068997244040297,1.7568997244040296,4.1,5.38,6.66
BHOJPUR,ssp245,12.44,11.2,9.95,13.86,14.03,14.2,21.69,17.96,14.23,0.0,0.0,0.0,0.2960068563620375,0.5460068563620375,0.7960068563620375,1.57,2.8200000000000003,4.07
BHOJPUR,ssp585,14.33,33.4,42.11,13.86,14.03,14.2,24.14,41.06,47.31,3.43,47.07,68.59,0.5960068563620375,1.0460068563620375,1.4960068563620377,1.57,2.82,4.07
BUXAR,ssp245,15.56,14.5,13.43,14.76,15.24,15.71,29.7,26.18,22.65,0.0,0.0,0.0,,,,0.35,1.585,2.82
BUXAR,ssp585,20.42,44.38,51.32,14.76,15.24,15.71,35.44,57.51,62.14,9.49,63.05,80.24,,,,0.35,1.58,2.82
DARBHANGA,ssp245,10.77,10.98,26.41,26.29,26.77,27.26,4.49,4.6,20.08,0.0,0.0,32.79,,,,6.08,7.385,8.69
DARBHANGA,ssp585,12.06,35.72,51.28,26.29,26.77,27.26,5.79,29.58,44.72,2.77,53.32,86.96,,,,6.08,7.39,8.69
GAYA,ssp245,7.62,7.65,7.7,20.27,20.49,20.72,1.49,1.38,1.28,0.0,0.0,0.0,0.3069482326507682,0.5569482326507682,0.8069482326507682,1.89,3.14,4.39
GAYA,ssp585,7.62,36.79,45.83,20.27,20.49,20.72,1.49,30.8,39.77,0.0,62.8,82.18,0.6069482326507682,1.0569482326507682,1.5069482326507682,1.89,3.14,4.39
GOPALGANJ,ssp245,25.84,24.6,23.35,21.77,22.67,23.56,52.07,47.61,43.15,0.0,0.0,0.0,0.332389730215084,0.582389730215084,0.832389730215084,1.6,2.85,4.1
GOPALGANJ,ssp585,28.86,52.67,58.61,21.77,22.67,23.56,56.55,78.19,81.27,4.81,57.89,73.05,0.632389730215084,1.082389730215084,1.532389730215084,1.6,2.85,4.1
JAMUI,ssp245,8.36,8.52,25.53,22.72,23.24,23.75,1.16,1.11,18.06,0.0,0.0,36.32,0.4589224470986224,0.7089224470986224,0.9589224470986224,3.45,4.725,6.0
JAMUI,ssp585,22.75,34.41,51.3,22.72,23.24,23.75,15.69,27.24,41.05,31.03,55.79,95.41,0.7589224470986224,1.2089224470986224,1.6589224470986224,3.45,4.73,6.0
JEHANABAD,ssp245,8.05,7.37,7.41,18.96,19.23,19.5,4.04,1.82,1.67,0.0,0.0,0.0,,,,3.15,4.42,5.69
JEHANABAD,ssp585,9.2,31.29,36.94,18.96,19.23,19.5,5.26,25.97,31.48,2.4,51.56,63.65,,,,3.15,4.42,5.69
KAIMUR (BHABUA),ssp245,9.93,9.99,10.05,25.77,26.05,26.32,2.59,2.5,2.4,0.0,0.0,0.0,,,,-0.59,0.635,1.86
KAIMUR (BHABUA),ssp585,9.93,30.76,44.4,25.77,26.05,26.32,2.59,23.47,37.08,0.0,44.77,74.03,,,,-0.59,0.64,1.86
KATIHAR,ssp245,10.46,10.43,10.66,27.88,28.63,29.39,2.01,1.16,1.07,0.0,0.0,0.0,0.5568997244040297,0.8068997244040297,1.0568997244040297,3.04,4.3100000000000005,5.58
KATIHAR,ssp585,10.48,32.9,51.51,27.88,28.63,29.39,2.05,23.85,41.07,0.0,48.45,89.5,0.8568997244040297,1.3068997244040297,1.7568997244040296,3.04,4.31,5.58
KHAGARIA,ssp245,11.0,10.66,10.77,28.01,28.38,28.75,3.43,2.08,2.03,0.0,0.0,0.0,0.4667446527216263,0.7167446527216264,0.9667446527216264,5.53,6.83,8.13
KHAGARIA,ssp585,11.02,35.0,48.35,28.01,28.38,28.75,3.49,26.65,39.97,0.0,52.45,81.0,0.7667446527216264,1.2167446527216264,1.6667446527216263,5.53,6.83,8.13
KISHANGANJ,ssp245,39.24,54.75,55.79,60.49,61.68,62.47,51.63,66.84,67.58,0.0,32.56,34.25,,,,5.25,6.545,7.84
KISHANGANJ,ssp585,55.65,68.31,83.9,60.49,61.68,62.47,68.19,80.53,91.54,35.36,61.8,100.0,,,,5.25,6.55,7.84
LAKHISARAI,ssp245,8.61,8.75,8.89,23.19,23.65,24.11,1.4,1.34,1.28,0.0,0.0,0.0,,,,5.59,6.895,8.2
LAKHISARAI,ssp585,8.61,11.82,33.96,23.19,23.65,24.11,1.4,4.45,26.59,0.0,6.63,54.04,,,,5.59,6.89,8.2
MADHEPURA,ssp245,18.13,16.8,30.15,25.12,25.36,25.6,26.69,22.65,33.42,0.0,0.0,31.63,,,,5.11,6.4,7.69
MADHEPURA,ssp585,31.58,42.97,54.97,25.12,25.36,25.6,41.06,50.13,59.56,28.05,55.15,83.88,,,,5.11,6.4,7.69
MADHUBANI,ssp245,12.94,13.31,28.69,32.73,33.68,34.63,4.23,4.35,19.62,0.0,0.0,32.33,0.3954428944322856,0.6454428944322856,0.8954428944322856,6.52,7.835,9.15
MADHUBANI,ssp585,33.1,41.57,54.66,32.73,33.68,34.63,24.59,32.88,44.48,43.46,60.9,89.91,0.6954428944322857,1.1454428944322856,1.5954428944322856,6.52,7.84,9.15
MUNGER,ssp245,11.58,11.77,11.95,31.38,31.94,32.49,1.72,1.68,1.65,0.0,0.0,0.0,,,,4.93,6.225,7.52
MUNGER,ssp585,11.58,32.46,47.22,31.38,31.94,32.49,1.72,22.57,37.26,0.0,44.6,76.03,,,,4.93,6.22,7.52
MUZAFFARPUR,ssp245,19.09,17.88,16.67,22.39,22.99,23.58,32.16,28.11,24.06,0.0,0.0,0.0,,,,4.65,5.94,7.23
MUZAFFARPUR,ssp585,19.6,18.58,44.02,22.39,22.99,23.58,33.61,30.11,53.02,0.0,0.0,57.37,,,,4.65,5.94,7.23
NALANDA,ssp245,7.4,5.97,6.07,14.35,14.67,14.99,6.8,2.38,2.36,0.0,0.0,0.0,,,,5.32,6.615,7.91
NALANDA,ssp585,7.48,30.39,40.46,14.35,14.67,14.99,7.02,27.04,37.08,0.0,52.63,74.12,,,,5.32,6.62,7.91
NAWADA,ssp245,6.72,6.79,6.86,17.7,17.94,18.18,1.49,1.45,1.41,0.0,0.0,0.0,,,,3.79,5.07,6.35
NAWADA,ssp585,6.72,28.37,44.69,17.7,17.94,18.18,1.49,23.24,39.61,0.0,46.52,81.55,,,,3.79,5.07,6.35
PASHCHIM CHAMPARAN,ssp245,14.41,14.7,15.08,37.72,38.83,39.95,3.44,3.16,3.14,0.0,0.0,0.0,0.3746807422902982,0.6246807422902982,0.8746807422902982,3.29,4.5600000000000005,5.83
PASHCHIM CHAMPARAN,ssp585,14.41,30.96,45.21,37.72,38.83,39.95,3.46,19.58,33.56,0.0,35.06,64.95,0.6746807422902983,1.1246807422902982,1.5746807422902982,3.29,4.56,5.83
PATNA,ssp245,11.58,10.1,8.62,14.15,14.32,14.49,18.94,14.54,10.15,0.0,0.0,0.0,0.3301225251621815,0.5801225251621815,0.8301225251621815,4.77,6.06,7.35
PATNA,ssp585,14.97,19.86,39.68,14.15,14.32,14.49,22.83,24.92,41.86,6.77,20.43,66.52,0.6301225251621816,1.0801225251621815,1.5301225251621815,4.77,6.06,7.35
PURBA CHAMPARAN,ssp245,23.46,22.17,20.88,25.09,25.81,26.52,41.93,37.53,33.13,0.0,0.0,0.0,0.332389730215084,0.582389730215084,0.832389730215084,3.07,4.335,5.6
PURBA CHAMPARAN,ssp585,24.13,48.6,57.15,25.09,25.81,26.52,43.86,65.98,71.67,0.0,54.9,75.93,0.632389730215084,1.082389730215084,1.532389730215084,3.07,4.34,5.6
PURNIA,ssp245,15.32,14.15,13.51,35.79,37.01,38.23,7.98,3.42,0.38,0.0,0.0,0.0,0.5568997244040297,0.8068997244040297,1.0568997244040297,4.5,5.785,7.07
PURNIA,ssp585,15.45,30.31,50.23,35.79,37.01,38.23,8.35,19.89,37.45,0.0,34.66,79.15,0.8568997244040297,1.3068997244040297,1.7568997244040296,4.5,5.78,7.07
ROHTAS,ssp245,10.24,10.3,10.35,26.84,27.1,27.36,2.43,2.32,2.22,0.0,0.0,0.0,,,,-0.13,1.1,2.33
ROHTAS,ssp585,10.24,30.98,41.94,26.84,27.1,27.36,2.43,23.21,34.11,0.0,44.58,68.07,,,,-0.13,1.1,2.33
SAHARSA,ssp245,17.84,24.88,34.16,27.91,28.26,28.62,23.06,27.51,34.21,0.0,17.88,40.57,,,,5.74,7.04,8.34
SAHARSA,ssp585,39.88,49.97,59.81,27.91,28.26,28.62,45.99,53.72,56.54,46.7,70.91,100.0,,,,5.74,7.04,8.34
SAMASTIPUR,ssp245,10.16,8.65,8.43,21.6,21.86,22.11,7.42,2.86,1.98,0.0,0.0,0.0,,,,5.93,7.234999999999999,8.54
SAMASTIPUR,ssp585,10.25,8.68,31.53,21.6,21.86,22.11,7.69,2.93,25.3,0.0,0.0,49.8,,,,5.93,7.23,8.54
SARAN,ssp245,24.7,23.39,22.05,16.45,16.87,17.29,54.13,49.96,45.7,0.0,0.0,0.0,,,,2.63,3.895,5.16
SARAN,ssp585,24.7,28.48,53.08,16.45,16.87,17.29,54.13,57.47,79.72,0.0,8.2,63.76,,,,2.63,3.89,5.16
SHEIKHPURA,ssp245,6.96,7.09,7.22,17.79,18.19,18.58,2.1,2.07,2.04,0.0,0.0,0.0,,,,5.79,7.095000000000001,8.4
SHEIKHPURA,ssp585,6.96,33.42,46.85,17.79,18.19,18.58,2.1,28.65,42.04,0.0,56.75,85.46,,,,5.79,7.1,8.4
SHEOHAR,ssp245,10.87,9.88,10.08,23.3,23.77,24.23,7.77,4.47,4.56,0.0,0.0,0.0,,,,4.09,5.37,6.65
SHEOHAR,ssp585,10.93,28.62,37.14,23.3,23.77,24.23,7.94,23.38,31.88,0.0,40.39,58.34,,,,4.09,5.37,6.65
SITAMARHI,ssp245,10.32,10.46,10.6,25.62,25.95,26.28,3.87,3.94,4.01,0.0,0.0,0.0,0.4373498506016275,0.6873498506016276,0.9373498506016276,5.17,6.465,7.76
SITAMARHI,ssp585,10.32,35.05,48.96,25.62,25.95,26.28,3.87,28.76,42.74,0.0,53.0,82.69,0.7373498506016276,1.1873498506016276,1.6373498506016275,5.17,6.47,7.76
SIWAN,ssp245,25.89,26.08,25.21,19.44,20.07,20.69,54.52,54.43,51.33,0.0,0.0,0.0,,,,1.39,2.64,3.89
SIWAN,ssp585,26.08,45.64,55.05,19.44,20.07,20.69,54.71,74.18,83.4,0.41,42.18,62.05,,,,1.39,2.64,3.89
SUPAUL,ssp245,21.21,20.05,18.9,40.57,41.9,43.23,20.03,15.39,10.76,0.0,0.0,0.0,0.3954428944322856,0.6454428944322856,0.8954428944322856,7.03,8.35,9.67
SUPAUL,ssp585,21.48,38.55,51.87,40.57,41.9,43.23,20.8,34.62,44.44,0.0,39.21,70.63,0.6954428944322857,1.1454428944322856,1.5954428944322856,7.03,8.35,9.67
VAISHALI,ssp245,19.26,17.97,16.69,12.7,13.0,13.31,42.32,38.35,34.38,0.0,0.0,0.0,0.3301225251621815,0.5801225251621815,0.8301225251621815,5.64,6.94,8.24
VAISHALI,ssp585,19.95,18.97,22.14,12.7,13.0,13.31,44.3,41.19,41.92,0.0,0.0,9.37,0.6301225251621816,1.0801225251621815,1.5301225251621815,5.64,6.94,8.24
AHILYANAGAR,ssp245,10.34,10.43,11.1,22.24,22.47,22.71,7.3,7.32,7.92,0.0,0.0,1.27,0.2473962287108193,0.4973962287108193,0.7473962287108193,4.32,5.605,6.89
AHILYANAGAR,ssp585,12.06,19.99,39.04,22.24,22.47,22.71,9.04,16.97,36.13,3.7,20.62,61.49,0.5473962287108194,0.9973962287108192,1.4473962287108193,4.32,5.61,6.89
AKOLA,ssp245,15.16,15.25,15.35,37.6,37.99,38.38,5.7,5.58,5.47,0.0,0.0,0.0,0.2567127658261263,0.5067127658261263,0.7567127658261263,5.76,7.06,8.36
AKOLA,ssp585,15.16,22.24,42.13,37.6,37.99,38.38,5.7,12.64,32.51,0.0,15.08,57.74,0.5567127658261264,1.0067127658261263,1.4567127658261263,5.76,7.06,8.36
AMRAVATI,ssp245,15.99,16.13,16.28,41.8,42.17,42.54,3.88,3.93,3.98,0.0,0.0,0.0,0.2620101286305321,0.5120101286305321,0.7620101286305321,6.51,7.82,9.13
AMRAVATI,ssp585,15.99,22.26,44.32,41.8,42.17,42.54,3.88,10.12,32.29,0.0,13.21,60.44,0.5620101286305321,1.012010128630532,1.462010128630532,6.51,7.82,9.13
BEED,ssp245,3.56,3.5,13.28,6.75,6.69,6.64,3.42,3.3,13.12,0.0,0.0,21.22,,,,3.66,4.9350000000000005,6.21
BEED,ssp585,11.32,26.56,36.83,6.75,6.69,6.64,11.25,26.59,36.89,16.72,49.71,71.97,,,,3.66,4.93,6.21
BHANDARA,ssp245,15.36,15.47,15.58,42.96,43.34,43.72,0.94,0.86,0.79,0.0,0.0,0.0,0.2647395908832557,0.5147395908832557,0.7647395908832557,5.45,6.75,8.05
BHANDARA,ssp585,15.36,23.65,41.89,42.96,43.34,43.72,0.94,9.12,27.35,0.0,17.62,56.71,0.5647395908832558,1.0147395908832555,1.4647395908832557,5.45,6.75,8.05
BULDHANA,ssp245,12.7,12.48,12.26,29.79,29.48,29.16,6.5,6.18,5.86,0.0,0.0,0.0,0.2870864517159077,0.5370864517159077,0.7870864517159077,3.97,5.25,6.53
BULDHANA,ssp585,12.7,22.64,44.71,29.79,29.48,29.16,6.5,16.43,38.63,0.0,21.89,69.95,0.5870864517159078,1.0370864517159075,1.4870864517159077,3.97,5.25,6.53
CHANDRAPUR,ssp245,13.74,13.71,13.67,37.23,37.29,37.34,2.03,1.87,1.72,0.0,0.0,0.0,0.2248515400621613,0.4748515400621613,0.7248515400621613,5.93,7.229999999999999,8.53
CHANDRAPUR,ssp585,13.74,21.11,50.38,37.23,37.29,37.34,2.03,9.34,38.78,0.0,15.95,79.11,0.5248515400621614,0.9748515400621612,1.4248515400621613,5.93,7.23,8.53
CHHATRAPATI SAMBHAJI NAGAR,ssp245,9.47,9.25,9.04,18.34,17.98,17.62,8.72,8.46,8.2,0.0,0.0,0.0,0.2599188599321671,0.5099188599321671,0.7599188599321671,3.05,4.32,5.59
CHHATRAPATI SAMBHAJI NAGAR,ssp585,14.0,24.67,46.22,18.34,17.98,17.62,13.29,24.02,45.74,9.77,33.22,80.15,0.5599188599321672,1.0099188599321671,1.459918859932167,3.05,4.32,5.59
DHARASHIV,ssp245,2.64,2.78,12.41,4.41,4.9,5.57,3.12,3.03,12.47,0.0,0.0,20.33,0.1848686118920852,0.4348686118920852,0.6848686118920853,5.74,7.04,8.34
DHARASHIV,ssp585,12.88,31.03,44.19,4.41,4.9,5.57,13.46,31.56,42.95,22.08,60.9,90.68,0.4848686118920852,0.9348686118920853,1.3848686118920852,5.74,7.04,8.34
DHULE,ssp245,10.94,10.82,13.89,24.81,24.78,24.74,6.44,6.14,9.06,0.0,0.0,6.86,0.2052773813406716,0.4552773813406716,0.7052773813406716,6.87,8.19,9.51
DHULE,ssp585,19.16,30.56,49.13,24.81,24.78,24.74,14.74,26.07,44.64,17.72,42.55,82.82,0.5052773813406717,0.9552773813406716,1.4052773813406716,6.87,8.19,9.51
GADCHIROLI,ssp245,14.31,14.2,14.26,39.74,39.59,39.44,1.14,0.97,0.98,0.0,0.0,0.38,0.3022818942864838,0.5522818942864838,0.8022818942864838,2.93,4.2,5.47
GADCHIROLI,ssp585,16.44,39.33,58.08,39.74,39.59,39.44,3.3,26.35,40.8,4.6,54.18,100.0,0.6022818942864838,1.0522818942864838,1.5022818942864835,2.93,4.2,5.47
GONDIA,ssp245,14.47,14.63,14.8,40.76,41.36,41.96,0.58,0.45,0.33,0.0,0.0,0.0,0.2917816784647016,0.5417816784647016,0.7917816784647016,4.55,5.84,7.13
GONDIA,ssp585,17.29,24.9,49.25,40.76,41.36,41.96,3.43,10.82,35.11,6.09,22.13,74.24,0.5917816784647016,1.0417816784647016,1.4917816784647016,4.55,5.84,7.13
HINGOLI,ssp245,10.15,10.16,10.18,22.64,23.06,23.48,6.36,5.98,5.61,0.0,0.0,0.0,,,,4.5,5.79,7.08
HINGOLI,ssp585,10.15,11.71,22.36,22.64,23.06,23.48,6.36,7.55,17.9,0.0,3.33,26.24,,,,4.5,5.79,7.08
JALGAON,ssp245,11.92,11.76,15.13,28.32,28.27,28.21,5.75,5.33,8.48,0.0,0.0,7.62,0.3006426241662723,0.5506426241662723,0.8006426241662723,4.67,5.96,7.25
JALGAON,ssp585,12.36,26.33,45.4,28.32,28.27,28.21,6.19,20.04,39.04,0.94,31.4,72.86,0.6006426241662723,1.0506426241662723,1.5006426241662725,4.67,5.96,7.25
JALNA,ssp245,10.1,9.83,9.57,22.57,22.06,21.56,6.29,6.03,5.77,0.0,0.0,0.0,0.2804320534070328,0.5304320534070328,0.7804320534070328,2.46,3.72,4.98
JALNA,ssp585,10.1,20.35,39.12,22.57,22.06,21.56,6.29,16.65,35.61,0.0,22.68,63.7,0.5804320534070329,1.0304320534070328,1.4804320534070328,2.46,3.72,4.98
KOLHAPUR,ssp245,29.36,44.28,49.86,63.32,64.39,65.47,20.05,31.17,32.86,0.59,36.1,51.47,0.2825651446978341,0.5325651446978341,0.7825651446978341,5.28,6.58,7.88
KOLHAPUR,ssp585,49.9,60.25,70.11,63.32,64.39,65.47,41.27,47.78,49.12,44.3,69.97,100.0,0.5825651446978342,1.032565144697834,1.482565144697834,5.28,6.58,7.88
LATUR,ssp245,4.8,5.05,6.97,11.3,11.96,12.61,2.41,2.47,4.22,0.0,0.0,3.61,0.1791942232185022,0.4291942232185022,0.6791942232185022,7.24,8.56,9.88
LATUR,ssp585,10.69,24.5,37.14,11.3,11.96,12.61,8.36,22.11,34.68,12.7,41.93,68.64,0.4791942232185022,0.9291942232185022,1.3791942232185022,7.24,8.56,9.88
MUMBAI,ssp245,,,,96.8,97.08,97.36,,,,0.0,0.0,1.32,,,,4.29,5.575,6.86
MUMBAI,ssp585,,,,96.8,97.08,97.36,,,,12.43,25.65,64.1,,,,4.29,5.57,6.86
MUMBAI SUBURBAN,ssp245,,,,98.86,99.0,99.15,,,,0.0,0.0,0.65,,,,4.87,6.16,7.45
MUMBAI SUBURBAN,ssp585,,,,98.86,99.0,99.15,,,,15.19,27.25,60.49,,,,4.87,6.16,7.45
NAGPUR,ssp245,14.36,14.49,14.62,40.08,40.52,40.95,0.95,0.89,0.82,0.0,0.0,0.0,0.242697495222103,0.492697495222103,0.742697495222103,6.89,8.209999999999999,9.53
NAGPUR,ssp585,14.36,18.31,31.37,40.08,40.52,40.95,0.95,4.74,17.74,0.0,8.23,36.11,0.5426974952221031,0.992697495222103,1.442697495222103,6.89,8.21,9.53
NANDED,ssp245,6.38,6.48,6.57,15.58,16.12,16.66,2.64,2.38,2.12,0.0,0.0,0.0,0.2173791607221105,0.4673791607221105,0.7173791607221105,9.05,10.39,11.73
NANDED,ssp585,6.38,14.94,15.3,15.58,16.12,16.66,2.64,10.93,10.94,0.0,18.24,18.81,0.5173791607221105,0.9673791607221104,1.4173791607221105,9.05,10.39,11.73
NANDURBAR,ssp245,14.56,14.67,15.64,33.22,33.6,33.98,8.39,8.32,9.12,0.0,0.0,1.85,0.2052773813406716,0.4552773813406716,0.7052773813406716,7.98,9.31,10.64
NANDURBAR,ssp585,15.89,25.72,43.66,33.22,33.6,33.98,9.73,19.48,37.41,2.86,23.81,62.24,0.5052773813406717,0.9552773813406716,1.4052773813406716,7.98,9.31,10.64
NASHIK,ssp245,18.99,18.99,18.99,44.48,44.37,44.26,9.78,9.89,10.0,0.0,0.0,0.0,0.262091734011971,0.5120917340119711,0.7620917340119711,6.85,8.165,9.48
NASHIK,ssp585,18.99,25.02,38.94,44.48,44.37,44.26,9.78,15.97,30.14,0.0,12.99,43.0,0.5620917340119711,1.012091734011971,1.462091734011971,6.85,8.17,9.48
PALGHAR,ssp245,44.77,43.24,45.68,99.27,99.64,100.0,28.64,23.91,23.19,0.0,0.0,8.55,0.3009898112879909,0.550989811287991,0.800989811287991,6.74,8.055,9.37
PALGHAR,ssp585,53.55,70.4,82.36,99.27,99.64,100.0,38.11,52.05,60.1,18.22,57.71,87.74,0.600989811287991,1.050989811287991,1.500989811287991,6.74,8.06,9.37
PARBHANI,ssp245,6.03,6.02,6.01,14.79,14.96,15.13,2.43,2.24,2.05,0.0,0.0,0.0,0.273777708080086,0.5237777080800861,0.7737777080800861,4.4,5.6850000000000005,6.97
PARBHANI,ssp585,6.03,15.48,33.94,14.79,14.96,15.13,2.43,11.79,30.25,0.0,20.38,60.2,0.5737777080800861,1.023777708080086,1.473777708080086,4.4,5.68,6.97
PUNE,ssp245,16.1,16.3,17.48,37.86,38.28,38.7,8.13,8.28,9.43,0.0,0.0,2.13,0.3150857104195772,0.5650857104195772,0.8150857104195772,4.83,6.12,7.41
PUNE,ssp585,19.19,38.66,58.06,37.86,38.28,38.7,11.25,30.86,48.44,6.66,48.21,91.88,0.6150857104195773,1.0650857104195772,1.5150857104195772,4.83,6.12,7.41
RAIGAD,ssp245,55.21,56.56,62.16,97.74,98.33,98.92,60.0,61.15,66.6,0.0,2.46,14.1,0.3352134870158458,0.5852134870158459,0.8352134870158459,4.66,5.95,7.24
RAIGAD,ssp585,66.49,80.38,98.13,97.74,98.33,98.92,71.39,85.21,100.0,24.31,53.82,95.03,0.6352134870158459,1.085213487015846,1.5352134870158458,4.66,5.95,7.24
RATNAGIRI,ssp245,64.39,75.48,83.82,99.82,100.0,100.0,68.54,79.67,88.09,18.22,42.0,59.97,0.3278515418370595,0.5778515418370596,0.8278515418370596,5.15,6.445,7.74
RATNAGIRI,ssp585,81.23,90.2,100.0,99.82,100.0,100.0,85.53,94.52,100.0,54.51,73.71,100.0,0.6278515418370596,1.0778515418370596,1.5278515418370595,5.15,6.44,7.74
SANGLI,ssp245,7.61,16.93,32.77,17.04,17.76,18.47,4.7,13.87,29.64,0.0,19.52,53.12,0.2843440453211592,0.5343440453211592,0.7843440453211592,5.01,6.305,7.6
SANGLI,ssp585,25.1,40.38,52.1,17.04,17.76,18.47,22.35,37.55,44.75,37.7,70.08,99.9,0.5843440453211592,1.0343440453211592,1.4843440453211592,5.01,6.3,7.6
SATARA,ssp245,18.07,18.74,27.07,44.48,45.57,46.66,7.15,7.49,15.56,0.0,0.55,17.63,0.3314131809605563,0.5814131809605563,0.8314131809605563,5.14,6.4350000000000005,7.73
SATARA,ssp585,27.17,46.51,61.63,44.48,45.57,46.66,16.34,35.53,47.3,19.6,60.42,95.81,0.6314131809605563,1.0814131809605565,1.5314131809605562,5.14,6.43,7.73
SINDHUDURG,ssp245,65.58,77.5,84.36,98.22,99.2,99.42,69.04,80.75,87.61,23.45,48.39,63.0,0.310854793919475,0.560854793919475,0.810854793919475,5.48,6.78,8.08
SINDHUDURG,ssp585,81.37,88.97,99.14,98.22,99.2,99.42,84.99,92.33,98.11,57.48,73.13,100.0,0.6108547939194751,1.060854793919475,1.510854793919475,5.48,6.78,8.08
SOLAPUR,ssp245,2.3,2.31,22.68,3.07,3.13,3.29,3.51,3.47,23.96,0.0,0.0,43.82,0.2139089087645302,0.4639089087645303,0.7139089087645303,4.75,6.04,7.33
SOLAPUR,ssp585,13.05,38.0,43.18,3.07,3.13,3.29,14.36,39.5,43.43,23.18,76.93,89.42,0.5139089087645303,0.9639089087645304,1.4139089087645302,4.75,6.04,7.33
THANE,ssp245,37.14,37.35,38.7,96.43,96.85,97.18,9.69,9.87,11.2,0.0,0.0,2.55,0.3009898112879909,0.550989811287991,0.800989811287991,5.82,7.12,8.42
THANE,ssp585,45.98,55.22,74.79,96.43,96.85,97.18,18.61,27.91,47.63,19.04,38.53,80.34,0.600989811287991,1.050989811287991,1.500989811287991,5.82,7.12,8.42
WARDHA,ssp245,14.9,15.04,15.17,39.8,40.21,40.62,2.78,2.75,2.73,0.0,0.0,0.0,0.2233064850171615,0.4733064850171615,0.7233064850171615,7.7,9.025,10.35
WARDHA,ssp585,14.9,18.66,35.38,39.8,40.21,40.62,2.78,6.41,23.13,0.0,7.81,43.55,0.5233064850171616,0.9733064850171615,1.4233064850171615,7.7,9.02,10.35
WASHIM,ssp245,13.23,13.18,13.13,33.24,33.42,33.59,4.55,4.24,3.92,0.0,0.0,0.0,0.2567127658261263,0.5067127658261263,0.7567127658261263,4.84,6.13,7.42
WASHIM,ssp585,13.23,19.67,25.83,33.24,33.42,33.59,4.55,10.79,16.75,0.0,13.99,27.38,0.5567127658261264,1.0067127658261263,1.4567127658261263,4.84,6.13,7.42
YAVATMAL,ssp245,12.28,12.3,12.33,31.32,31.55,31.79,3.76,3.59,3.43,0.0,0.0,0.0,0.2131334357791665,0.4631334357791665,0.7131334357791665,7.98,9.31,10.64
YAVATMAL,ssp585,12.28,16.64,30.65,31.32,31.55,31.79,3.76,7.97,21.93,0.0,9.35,39.49,0.5131334357791666,0.9631334357791664,1.4131334357791665,7.98,9.31,10.64
ADILABAD,ssp245,10.41,10.62,10.82,27.87,28.59,29.3,1.87,1.74,1.62,0.0,0.0,0.0,0.1754068215688278,0.4254068215688278,0.6754068215688278,9.67,11.02,12.37
ADILABAD,ssp585,10.41,16.02,43.9,27.87,28.59,29.3,1.87,7.19,35.02,0.0,11.64,71.31,0.4754068215688278,0.9254068215688278,1.3754068215688278,9.67,11.02,12.37
BHADRADRI KOTHAGUDEM,ssp245,8.15,18.59,28.2,21.08,21.68,22.28,2.2,12.53,22.02,0.0,22.05,42.33,0.2507238268852347,0.5007238268852348,0.7507238268852348,2.91,4.175000000000001,5.44
BHADRADRI KOTHAGUDEM,ssp585,24.45,45.73,52.57,21.08,21.68,22.28,18.66,39.93,42.2,35.12,80.55,100.0,0.5507238268852348,1.0007238268852348,1.4507238268852347,2.91,4.18,5.44
HANUMAKONDA,ssp245,6.49,6.63,6.8,18.43,18.93,19.42,0.1,0.0,0.0,0.0,0.0,0.0,,,,7.84,9.165,10.49
HANUMAKONDA,ssp585,6.49,6.63,18.36,18.43,18.93,19.42,0.1,0.0,11.67,0.0,0.0,24.92,,,,7.84,9.17,10.49
HYDERABAD,ssp245,,,,15.0,15.82,16.64,,,,0.0,0.0,0.86,,,,5.55,6.85,8.15
HYDERABAD,ssp585,,,,15.0,15.82,16.64,,,,4.18,19.68,81.56,,,,5.55,6.85,8.15
JAGTIAL,ssp245,8.06,8.14,8.29,22.86,23.27,23.69,0.17,0.0,0.0,0.0,0.0,0.0,,,,9.72,11.07,12.42
JAGTIAL,ssp585,8.06,8.14,8.51,22.86,23.27,23.69,0.17,0.0,0.22,0.0,0.0,0.48,,,,9.72,11.07,12.42
JANGAON,ssp245,4.71,4.86,5.01,12.16,12.68,13.21,1.31,1.2,1.1,0.0,0.0,0.0,0.2101129571596907,0.4601129571596907,0.7101129571596907,8.3,9.635000000000002,10.97
JANGAON,ssp585,4.71,4.86,11.74,12.16,12.68,13.21,1.31,1.2,7.9,0.0,0.0,14.52,0.5101129571596907,0.9601129571596908,1.4101129571596906,8.3,9.64,10.97
JAYASHANKAR BHUPALPALLI,ssp245,12.29,12.4,12.52,35.08,35.42,35.76,0.04,0.0,0.0,0.0,0.0,0.0,,,,5.11,6.405,7.7
JAYASHANKAR BHUPALPALLI,ssp585,12.29,18.26,45.55,35.08,35.42,35.76,0.04,5.92,33.35,0.0,12.65,71.2,,,,5.11,6.41,7.7
JOGULAMBA GADWAL,ssp245,5.33,8.57,22.26,0.1,0.07,0.04,7.61,10.84,24.61,8.77,15.85,45.45,,,,-0.28,0.945,2.17
JOGULAMBA GADWAL,ssp585,25.67,40.93,45.18,0.1,0.07,0.04,28.15,43.41,43.32,52.62,85.7,100.0,,,,-0.28,0.94,2.17
KAMAREDDY,ssp245,7.07,7.31,7.56,18.58,19.33,20.07,1.61,1.56,1.52,0.0,0.0,0.0,0.2325368338161126,0.4825368338161127,0.7325368338161127,11.18,12.55,13.92
KAMAREDDY,ssp585,7.07,7.31,7.56,18.58,19.33,20.07,1.61,1.56,1.52,0.0,0.0,0.0,0.5325368338161127,0.9825368338161128,1.4325368338161126,11.18,12.55,13.92
KARIMNAGAR,ssp245,9.55,9.7,9.86,26.9,27.49,28.07,0.38,0.23,0.09,0.0,0.0,0.0,0.1886242177751498,0.4386242177751498,0.6886242177751498,8.63,9.97,11.31
KARIMNAGAR,ssp585,9.55,9.7,9.86,26.9,27.49,28.07,0.38,0.23,0.09,0.0,0.0,0.0,0.4886242177751498,0.9386242177751498,1.3886242177751498,8.63,9.97,11.31
KHAMMAM,ssp245,3.81,6.99,15.21,10.71,11.32,11.93,0.17,3.08,11.14,0.0,6.49,23.79,0.2507238268852347,0.5007238268852348,0.7507238268852348,5.1,6.395,7.69
KHAMMAM,ssp585,10.7,29.61,44.65,10.71,11.32,11.93,7.13,25.92,40.0,14.86,55.25,88.24,0.5507238268852348,1.0007238268852348,1.4507238268852347,5.1,6.39,7.69
KUMURAM BHEEM,ssp245,16.01,16.14,18.42,43.31,43.81,44.31,2.43,2.31,4.36,0.0,0.0,4.62,0.2445556435320277,0.4945556435320277,0.7445556435320277,6.02,7.325,8.63
KUMURAM BHEEM,ssp585,22.12,32.85,60.28,43.31,43.81,44.31,8.6,19.18,42.2,13.17,36.0,100.0,0.5445556435320278,0.9945556435320276,1.4445556435320277,6.02,7.33,8.63
MAHABUBABAD,ssp245,4.25,4.38,4.52,11.96,12.44,12.92,0.18,0.07,0.0,0.0,0.0,0.0,,,,6.16,7.465,8.77
MAHABUBABAD,ssp585,6.61,15.83,22.67,11.96,12.44,12.92,2.56,11.63,18.32,5.08,24.68,39.12,,,,6.16,7.46,8.77
MAHBUBNAGAR,ssp245,1.44,1.41,1.41,0.0,0.0,0.1,4.12,4.03,3.94,0.0,0.0,0.0,,,,1.86,3.1100000000000003,4.36
MAHBUBNAGAR,ssp585,1.44,5.61,27.68,0.0,0.0,0.1,4.12,8.27,30.45,0.0,9.06,56.61,,,,1.86,3.11,4.36
MANCHERIAL,ssp245,13.36,13.4,13.44,37.65,37.91,38.17,0.51,0.37,0.23,0.0,0.0,0.0,,,,6.11,7.415000000000001,8.72
MANCHERIAL,ssp585,13.36,21.65,47.38,37.65,37.91,38.17,0.51,8.7,34.49,0.0,17.79,73.15,,,,6.11,7.42,8.72
MEDAK,ssp245,6.4,6.69,7.02,18.19,19.12,20.05,0.1,0.0,0.0,0.0,0.0,0.0,,,,9.36,10.705,12.05
MEDAK,ssp585,6.4,6.69,7.02,18.19,19.12,20.05,0.1,0.0,0.0,0.0,0.0,0.0,,,,9.36,10.7,12.05
MEDCHAL-MALKAJGIRI,ssp245,5.9,6.19,6.5,16.65,17.56,18.51,0.21,0.14,0.07,0.0,0.0,0.0,0.2243652125199844,0.4743652125199844,0.7243652125199844,6.94,8.26,9.58
MEDCHAL-MALKAJGIRI,ssp585,5.9,21.67,48.56,16.65,17.56,18.51,0.21,15.76,40.07,0.0,33.36,93.51,0.5243652125199845,0.9743652125199844,1.4243652125199844,6.94,8.26,9.58
MULUGU,ssp245,11.65,11.78,17.09,33.17,33.67,34.16,0.11,0.0,5.18,0.0,0.0,11.07,0.2426913128958858,0.4926913128958858,0.7426913128958859,3.73,5.01,6.29
MULUGU,ssp585,14.85,45.76,55.96,33.17,33.67,34.16,3.34,34.3,40.0,6.9,73.22,100.0,0.5426913128958859,0.992691312895886,1.4426913128958858,3.73,5.01,6.29
NAGARKURNOOL,ssp245,2.04,2.01,8.1,3.2,3.19,3.18,2.62,2.55,8.66,0.0,0.0,13.17,0.2470164775848502,0.4970164775848502,0.7470164775848502,1.29,2.54,3.79
NAGARKURNOOL,ssp585,15.76,31.97,45.98,3.2,3.19,3.18,16.47,32.8,42.49,29.58,64.57,100.0,0.5470164775848503,0.9970164775848502,1.4470164775848502,1.29,2.54,3.79
NALGONDA,ssp245,3.21,3.28,3.4,6.05,6.38,6.88,3.12,2.98,2.84,0.0,0.0,0.0,0.2473814831839824,0.4973814831839824,0.7473814831839825,5.23,6.53,7.83
NALGONDA,ssp585,3.21,15.25,43.43,6.05,6.38,6.88,3.12,15.07,42.84,0.0,25.8,86.76,0.5473814831839825,0.9973814831839825,1.4473814831839824,5.23,6.53,7.83
NARAYANPET,ssp245,1.87,1.92,7.67,0.98,1.25,1.52,4.37,4.25,9.89,0.0,0.0,12.27,0.2072093698713573,0.4572093698713573,0.7072093698713573,2.07,3.33,4.59
NARAYANPET,ssp585,2.71,28.37,45.98,0.98,1.25,1.52,5.21,30.95,44.14,1.81,57.0,100.0,0.5072093698713573,0.9572093698713572,1.4072093698713573,2.07,3.33,4.59
NIRMAL,ssp245,7.08,7.22,7.36,19.62,20.21,20.81,0.61,0.41,0.21,0.0,0.0,0.0,,,,11.1,12.47,13.84
NIRMAL,ssp585,7.08,7.22,14.35,19.62,20.21,20.81,0.61,0.41,7.27,0.0,0.0,15.07,,,,11.1,12.47,13.84
NIZAMABAD,ssp245,5.62,5.76,5.91,15.82,16.36,16.9,0.25,0.1,0.0,0.0,0.0,0.0,0.2325368338161126,0.4825368338161127,0.7325368338161127,12.03,13.41,14.79
NIZAMABAD,ssp585,5.62,5.76,5.91,15.82,16.36,16.9,0.25,0.1,0.0,0.0,0.0,0.0,0.5325368338161127,0.9825368338161128,1.4325368338161126,12.03,13.41,14.79
PEDDAPALLI,ssp245,9.97,10.05,10.14,28.02,28.41,28.8,0.47,0.31,0.16,0.0,0.0,0.0,0.1886242177751498,0.4386242177751498,0.6886242177751498,7.29,8.61,9.93
PEDDAPALLI,ssp585,9.97,10.05,11.12,28.02,28.41,28.8,0.47,0.31,1.15,0.0,0.0,2.11,0.4886242177751498,0.9386242177751498,1.3886242177751498,7.29,8.61,9.93
RAJANNA SIRCILLA,ssp245,5.73,5.89,6.05,16.38,16.83,17.28,0.0,0.0,0.0,0.0,0.0,0.0,,,,11.25,12.62,13.99
RAJANNA SIRCILLA,ssp585,5.73,5.89,6.05,16.38,16.83,17.28,0.0,0.0,0.0,0.0,0.0,0.0,,,,11.25,12.62,13.99
RANGA REDDY,ssp245,3.44,3.66,4.82,6.99,7.7,8.4,2.85,2.76,3.62,0.0,0.0,2.04,0.2243652125199844,0.4743652125199844,0.7243652125199844,4.2,5.48,6.76
RANGA REDDY,ssp585,3.44,16.17,47.78,6.99,7.7,8.4,2.85,15.39,42.67,0.0,26.96,99.67,0.5243652125199845,0.9743652125199844,1.4243652125199844,4.2,5.48,6.76
SANGAREDDY,ssp245,6.26,6.57,6.87,16.4,17.32,18.25,1.49,1.44,1.39,0.0,0.0,0.0,0.2341492387983699,0.4841492387983699,0.7341492387983699,8.14,9.47,10.8
SANGAREDDY,ssp585,6.26,10.17,28.38,16.4,17.32,18.25,1.49,5.08,23.1,0.0,7.78,46.35,0.53414923879837,0.98414923879837,1.43414923879837,8.14,9.47,10.8
SIDDIPET,ssp245,5.02,5.18,5.32,14.14,14.68,15.21,0.21,0.11,0.0,0.0,0.0,0.0,,,,8.84,10.18,11.52
SIDDIPET,ssp585,5.02,5.18,5.32,14.14,14.68,15.21,0.21,0.11,0.0,0.0,0.0,0.0,,,,8.84,10.18,11.52
SURYAPET,ssp245,2.93,3.02,3.13,5.31,5.75,6.22,3.06,2.89,2.72,0.0,0.0,0.0,0.2101129571596907,0.4601129571596907,0.7101129571596907,6.9,8.215,9.53
SURYAPET,ssp585,2.93,3.02,14.57,5.31,5.75,6.22,3.06,2.89,14.27,0.0,0.0,24.66,0.5101129571596907,0.9601129571596908,1.4101129571596906,6.9,8.21,9.53
VIKARABAD,ssp245,3.83,4.03,5.31,7.49,8.23,8.97,3.44,3.27,4.2,0.0,0.0,2.34,0.2341492387983699,0.4841492387983699,0.7341492387983699,4.26,5.545,6.83
VIKARABAD,ssp585,3.83,20.51,46.54,7.49,8.23,8.97,3.44,19.92,43.11,0.0,35.53,94.38,0.53414923879837,0.98414923879837,1.43414923879837,4.26,5.54,6.83
WANAPARTHY,ssp245,1.44,1.39,2.95,1.15,1.18,1.21,2.97,2.78,4.22,0.0,0.0,3.5,,,,-0.14,1.09,2.32
WANAPARTHY,ssp585,5.53,25.3,41.74,1.15,1.18,1.21,7.1,26.92,42.58,8.8,51.56,88.03,,,,-0.14,1.09,2.32
WARANGAL,ssp245,5.77,5.87,5.97,15.34,15.73,16.12,1.14,1.04,0.94,0.0,0.0,0.0,,,,6.82,8.135,9.45
WARANGAL,ssp585,5.77,6.65,26.76,15.34,15.73,16.12,1.14,1.83,21.93,0.0,1.69,44.81,,,,6.82,8.14,9.45
YADADRI BHUVANAGIRI,ssp245,4.82,4.99,5.16,11.93,12.57,13.22,1.84,1.68,1.52,0.0,0.0,0.0,,,,7.36,8.68,10.0
YADADRI BHUVANAGIRI,ssp585,4.82,6.88,21.53,11.93,12.57,13.22,1.84,3.59,18.05,0.0,4.08,35.29,,,,7.36,8.68,10.0
